Student_ID,Age,Gender,Academic_Level,Country,Avg_Daily_Usage_Hours,Most_Used_Platform,Affects_Academic_Performance,Sleep_Hours_Per_Night,Mental_Health_Score,Relationship_Status,Conflicts_Over_Social_Media,Addicted_Score,Adequate_Sleep,Gender_Encoded,Academic_Level_Encoded,Relationship_Status_Encoded,SM_Impact_Score,Lifestyle_Balance,Usage_Category_Medium,Usage_Category_High,Usage_Category_Very High,Mental_Health_Risk_Medium,Mental_Health_Risk_Low,Mental_Health_Risk_Very Low
1,19,Female,Undergraduate,Bangladesh,5.2,Instagram,Yes,6.5,6,In Relationship,3,8,0,0,2,1,5.2,1.2999999999999998,False,True,False,True,False,False
2,22,Male,Graduate,India,2.1,Twitter,No,7.5,8,Single,0,3,1,1,0,2,0.0,5.4,True,False,False,False,True,False
3,20,Female,Undergraduate,USA,6.0,TikTok,Yes,5.0,5,Complicated,4,9,0,0,2,0,6.0,-1.0,False,True,False,True,False,False
4,18,Male,High School,UK,3.0,YouTube,No,7.0,7,Single,1,4,1,1,1,2,0.0,4.0,True,False,False,False,True,False
5,21,Male,Graduate,Canada,4.5,Facebook,Yes,6.0,6,In Relationship,2,7,0,1,0,1,4.5,1.5,False,True,False,True,False,False
6,19,Female,Undergraduate,Australia,7.2,Instagram,Yes,4.5,4,Complicated,5,9,0,0,2,0,7.2,-2.7,False,False,True,False,False,False
7,23,Male,Graduate,Germany,1.5,LinkedIn,No,8.0,9,Single,0,2,1,1,0,2,0.0,6.5,False,False,False,False,False,True
8,20,Female,Undergraduate,Brazil,5.8,Snapchat,Yes,6.0,6,In Relationship,2,8,0,0,2,1,5.8,0.20000000000000018,False,True,False,True,False,False
9,18,Male,High School,Japan,4.0,TikTok,No,6.5,7,Single,1,5,0,1,1,2,0.0,2.5,True,False,False,False,True,False
10,21,Female,Graduate,South Korea,3.3,Instagram,No,7.0,7,In Relationship,1,4,1,0,0,1,0.0,3.7,True,False,False,False,True,False
11,19,Male,Undergraduate,France,4.8,Snapchat,Yes,6.2,5,Complicated,3,7,0,1,2,0,4.8,1.4000000000000004,False,True,False,True,False,False
12,20,Female,Undergraduate,Spain,5.5,TikTok,Yes,5.8,6,In Relationship,2,8,0,0,2,1,5.5,0.2999999999999998,False,True,False,True,False,False
13,22,Male,Graduate,Italy,2.8,LinkedIn,No,7.2,8,Single,1,4,1,1,0,2,0.0,4.4,True,False,False,False,True,False
14,18,Female,High School,Mexico,6.5,Instagram,Yes,5.5,5,Single,4,9,0,0,1,2,6.5,-1.0,False,False,True,True,False,False
15,21,Male,Undergraduate,Russia,3.7,YouTube,No,6.8,7,In Relationship,2,5,0,1,2,1,0.0,3.0999999999999996,True,False,False,False,True,False
16,20,Female,Undergraduate,China,4.2,TikTok,Yes,6.0,6,Complicated,3,7,0,0,2,0,4.2,1.7999999999999998,False,True,False,True,False,False
17,24,Male,Graduate,Sweden,2.0,LinkedIn,No,7.8,8,Single,0,3,1,1,0,2,0.0,5.8,False,False,False,False,True,False
18,19,Female,High School,Norway,5.0,Instagram,Yes,5.7,5,In Relationship,3,8,0,0,1,1,5.0,0.7000000000000002,False,True,False,True,False,False
19,21,Male,Undergraduate,Denmark,3.5,Facebook,No,6.7,7,Single,1,5,0,1,2,2,0.0,3.2,True,False,False,False,True,False
20,20,Female,Undergraduate,Netherlands,4.7,Snapchat,Yes,5.9,6,Complicated,3,7,0,0,2,0,4.7,1.2000000000000002,False,True,False,True,False,False
21,18,Male,High School,Belgium,5.3,TikTok,Yes,5.5,5,Single,4,8,0,1,1,2,5.3,0.20000000000000018,False,True,False,True,False,False
22,23,Female,Graduate,Switzerland,2.5,LinkedIn,No,7.3,8,In Relationship,1,4,1,0,0,1,0.0,4.8,True,False,False,False,True,False
23,19,Male,Undergraduate,Austria,4.9,Instagram,Yes,5.8,6,Complicated,3,7,0,1,2,0,4.9,0.8999999999999995,False,True,False,True,False,False
24,20,Female,Undergraduate,Portugal,5.7,TikTok,Yes,5.4,5,Single,4,8,0,0,2,2,5.7,-0.2999999999999998,False,True,False,True,False,False
25,22,Male,Graduate,Greece,3.2,Facebook,No,6.9,7,In Relationship,2,5,0,1,0,1,0.0,3.7,True,False,False,False,True,False
26,19,Female,High School,Ireland,6.1,Instagram,Yes,5.2,5,Complicated,4,9,0,0,1,0,6.1,-0.8999999999999995,False,False,True,True,False,False
27,21,Male,Undergraduate,New Zealand,3.8,YouTube,No,6.6,7,Single,1,5,0,1,2,2,0.0,2.8,True,False,False,False,True,False
28,20,Female,Undergraduate,Singapore,4.4,TikTok,Yes,5.9,6,In Relationship,3,7,0,0,2,1,4.4,1.5,False,True,False,True,False,False
29,24,Male,Graduate,Malaysia,2.2,LinkedIn,No,7.4,8,Single,0,3,1,1,0,2,0.0,5.2,True,False,False,False,True,False
30,19,Female,High School,Thailand,5.9,Instagram,Yes,5.3,5,Complicated,4,8,0,0,1,0,5.9,-0.6000000000000005,False,True,False,True,False,False
31,21,Male,Undergraduate,Vietnam,3.6,Facebook,No,6.7,7,Single,1,5,0,1,2,2,0.0,3.1,True,False,False,False,True,False
32,20,Female,Undergraduate,Philippines,4.8,Snapchat,Yes,5.7,6,In Relationship,3,7,0,0,2,1,4.8,0.9000000000000004,False,True,False,True,False,False
33,18,Male,High School,Indonesia,5.4,TikTok,Yes,5.4,5,Complicated,4,8,0,1,1,0,5.4,0.0,False,True,False,True,False,False
34,23,Female,Graduate,Taiwan,2.6,LinkedIn,No,7.2,8,Single,1,4,1,0,0,2,0.0,4.6,True,False,False,False,True,False
35,19,Male,Undergraduate,Hong Kong,4.7,Instagram,Yes,5.8,6,In Relationship,3,7,0,1,2,1,4.7,1.0999999999999996,False,True,False,True,False,False
36,20,Female,Undergraduate,Turkey,5.6,TikTok,Yes,5.5,5,Complicated,4,8,0,0,2,0,5.6,-0.09999999999999964,False,True,False,True,False,False
37,22,Male,Graduate,Israel,3.1,Facebook,No,6.8,7,Single,1,5,0,1,0,2,0.0,3.6999999999999997,True,False,False,False,True,False
38,19,Female,High School,UAE,6.2,Instagram,Yes,5.1,5,In Relationship,4,9,0,0,1,1,6.2,-1.1000000000000005,False,False,True,True,False,False
39,21,Male,Undergraduate,Egypt,3.9,YouTube,No,6.5,7,Complicated,2,6,0,1,2,0,0.0,2.6,True,False,False,False,True,False
40,20,Female,Undergraduate,Morocco,4.5,TikTok,Yes,5.8,6,Single,3,7,0,0,2,2,4.5,1.2999999999999998,False,True,False,True,False,False
41,24,Male,Graduate,South Africa,2.3,LinkedIn,No,7.3,8,In Relationship,1,4,1,1,0,1,0.0,5.0,True,False,False,False,True,False
42,19,Female,High School,Nigeria,5.8,Instagram,Yes,5.4,5,Complicated,4,8,0,0,1,0,5.8,-0.39999999999999947,False,True,False,True,False,False
43,21,Male,Undergraduate,Kenya,3.7,Facebook,No,6.6,7,Single,2,5,0,1,2,2,0.0,2.8999999999999995,True,False,False,False,True,False
44,20,Female,Undergraduate,Ghana,4.6,Snapchat,Yes,5.7,6,In Relationship,3,7,0,0,2,1,4.6,1.1000000000000005,False,True,False,True,False,False
45,18,Male,High School,Argentina,5.5,TikTok,Yes,5.3,5,Single,4,8,0,1,1,2,5.5,-0.20000000000000018,False,True,False,True,False,False
46,23,Female,Graduate,Chile,2.7,LinkedIn,No,7.1,8,Complicated,1,4,1,0,0,0,0.0,4.3999999999999995,True,False,False,False,True,False
47,19,Male,Undergraduate,Colombia,4.8,Instagram,Yes,5.9,6,In Relationship,3,7,0,1,2,1,4.8,1.1000000000000005,False,True,False,True,False,False
48,20,Female,Undergraduate,Peru,5.5,TikTok,Yes,5.6,5,Single,4,8,0,0,2,2,5.5,0.09999999999999964,False,True,False,True,False,False
49,22,Male,Graduate,Venezuela,3.3,Facebook,No,6.7,7,In Relationship,2,5,0,1,0,1,0.0,3.4000000000000004,True,False,False,False,True,False
50,19,Female,High School,Ecuador,6.3,Instagram,Yes,5.2,5,Complicated,4,9,0,0,1,0,6.3,-1.0999999999999996,False,False,True,True,False,False
51,21,Male,Undergraduate,Uruguay,3.8,YouTube,No,6.4,7,Single,2,6,0,1,2,2,0.0,2.6000000000000005,True,False,False,False,True,False
52,20,Female,Undergraduate,Paraguay,4.7,TikTok,Yes,5.8,6,In Relationship,3,7,0,0,2,1,4.7,1.0999999999999996,False,True,False,True,False,False
53,24,Male,Graduate,Bolivia,2.4,LinkedIn,No,7.2,8,Complicated,1,4,1,1,0,0,0.0,4.800000000000001,True,False,False,False,True,False
54,19,Female,High School,Costa Rica,5.7,Instagram,Yes,5.5,5,Single,4,8,0,0,1,2,5.7,-0.20000000000000018,False,True,False,True,False,False
55,21,Male,Undergraduate,Panama,3.6,Facebook,No,6.5,7,In Relationship,2,5,0,1,2,1,0.0,2.9,True,False,False,False,True,False
56,20,Female,Undergraduate,Jamaica,4.9,Snapchat,Yes,5.6,6,Complicated,3,7,0,0,2,0,4.9,0.6999999999999993,False,True,False,True,False,False
57,18,Male,High School,Trinidad,5.6,TikTok,Yes,5.2,5,Single,4,8,0,1,1,2,5.6,-0.39999999999999947,False,True,False,True,False,False
58,23,Female,Graduate,Bahamas,2.8,LinkedIn,No,7.0,8,In Relationship,1,4,1,0,0,1,0.0,4.2,True,False,False,False,True,False
59,19,Male,Undergraduate,Iceland,4.6,Instagram,Yes,5.9,6,Complicated,3,7,0,1,2,0,4.6,1.3000000000000007,False,True,False,True,False,False
60,20,Female,Undergraduate,Finland,5.4,TikTok,Yes,5.7,5,Single,4,8,0,0,2,2,5.4,0.2999999999999998,False,True,False,True,False,False
61,22,Male,Graduate,Poland,3.1,Facebook,No,7.1,7,Single,1,5,1,1,0,2,0.0,3.9999999999999996,True,False,False,False,True,False
62,19,Female,Undergraduate,Romania,5.6,Instagram,Yes,5.6,5,In Relationship,3,8,0,0,2,1,5.6,0.0,False,True,False,True,False,False
63,20,Male,Undergraduate,Hungary,4.2,TikTok,Yes,6.0,6,Complicated,3,7,0,1,2,0,4.2,1.7999999999999998,False,True,False,True,False,False
64,18,Female,High School,Czech Republic,6.1,Snapchat,Yes,5.2,4,Single,4,9,0,0,1,2,6.1,-0.8999999999999995,False,False,True,False,False,False
65,23,Male,Graduate,Slovakia,2.3,LinkedIn,No,7.4,8,In Relationship,1,3,1,1,0,1,0.0,5.1000000000000005,True,False,False,False,True,False
66,21,Female,Undergraduate,Croatia,4.8,Instagram,Yes,5.8,6,Single,3,7,0,0,2,2,4.8,1.0,False,True,False,True,False,False
67,20,Male,Undergraduate,Serbia,3.9,YouTube,No,6.5,7,Complicated,2,6,0,1,2,0,0.0,2.6,True,False,False,False,True,False
68,19,Female,High School,Slovenia,5.7,TikTok,Yes,5.4,5,In Relationship,4,8,0,0,1,1,5.7,-0.2999999999999998,False,True,False,True,False,False
69,22,Male,Graduate,Bulgaria,2.8,LinkedIn,No,7.2,8,Single,1,4,1,1,0,2,0.0,4.4,True,False,False,False,True,False
70,20,Female,Undergraduate,Estonia,4.5,Instagram,Yes,5.9,6,Complicated,3,7,0,0,2,0,4.5,1.4000000000000004,False,True,False,True,False,False
71,18,Male,High School,Latvia,5.4,Snapchat,Yes,5.5,5,Single,4,8,0,1,1,2,5.4,0.09999999999999964,False,True,False,True,False,False
72,21,Female,Graduate,Lithuania,3.2,Facebook,No,6.8,7,In Relationship,2,5,0,0,0,1,0.0,3.5999999999999996,True,False,False,False,True,False
73,19,Male,Undergraduate,Ukraine,4.9,TikTok,Yes,5.7,6,Complicated,3,7,0,1,2,0,4.9,0.7999999999999998,False,True,False,True,False,False
74,20,Female,Undergraduate,Moldova,5.8,Instagram,Yes,5.3,5,Single,4,8,0,0,2,2,5.8,-0.5,False,True,False,True,False,False
75,23,Male,Graduate,Belarus,2.5,LinkedIn,No,7.3,8,In Relationship,1,4,1,1,0,1,0.0,4.8,True,False,False,False,True,False
76,21,Female,Undergraduate,Kazakhstan,4.6,Snapchat,Yes,5.8,6,Single,3,7,0,0,2,2,4.6,1.2000000000000002,False,True,False,True,False,False
77,19,Male,High School,Uzbekistan,5.5,TikTok,Yes,5.4,5,Complicated,4,8,0,1,1,0,5.5,-0.09999999999999964,False,True,False,True,False,False
78,22,Female,Graduate,Kyrgyzstan,2.9,Facebook,No,7.0,7,In Relationship,2,5,1,0,0,1,0.0,4.1,True,False,False,False,True,False
79,20,Male,Undergraduate,Tajikistan,4.7,YouTube,Yes,5.9,6,Single,3,7,0,1,2,2,4.7,1.2000000000000002,False,True,False,True,False,False
80,18,Female,High School,Armenia,5.9,Instagram,Yes,5.2,5,Complicated,4,9,0,0,1,0,5.9,-0.7000000000000002,False,True,False,True,False,False
81,21,Male,Graduate,Georgia,3.0,LinkedIn,No,7.1,8,In Relationship,1,4,1,1,0,1,0.0,4.1,True,False,False,False,True,False
82,19,Female,Undergraduate,Azerbaijan,4.8,TikTok,Yes,5.7,6,Single,3,7,0,0,2,2,4.8,0.9000000000000004,False,True,False,True,False,False
83,20,Male,Undergraduate,Cyprus,3.8,Facebook,No,6.6,7,Complicated,2,6,0,1,2,0,0.0,2.8,True,False,False,False,True,False
84,22,Female,Graduate,Malta,2.7,LinkedIn,No,7.2,8,In Relationship,1,4,1,0,0,1,0.0,4.5,True,False,False,False,True,False
85,18,Male,High School,Luxembourg,5.6,Snapchat,Yes,5.3,5,Single,4,8,0,1,1,2,5.6,-0.2999999999999998,False,True,False,True,False,False
86,21,Female,Undergraduate,Monaco,4.5,Instagram,Yes,5.8,6,Complicated,3,7,0,0,2,0,4.5,1.2999999999999998,False,True,False,True,False,False
87,19,Male,High School,Andorra,5.3,TikTok,Yes,5.5,5,In Relationship,4,8,0,1,1,1,5.3,0.20000000000000018,False,True,False,True,False,False
88,23,Female,Graduate,San Marino,2.6,LinkedIn,No,7.3,8,Single,1,4,1,0,0,2,0.0,4.699999999999999,True,False,False,False,True,False
89,20,Male,Undergraduate,Vatican City,4.4,YouTube,Yes,6.0,6,Complicated,3,7,0,1,2,0,4.4,1.5999999999999996,False,True,False,True,False,False
90,18,Female,High School,Liechtenstein,5.8,Instagram,Yes,5.2,5,Single,4,9,0,0,1,2,5.8,-0.5999999999999996,False,True,False,True,False,False
91,22,Male,Graduate,Montenegro,2.9,Facebook,No,7.0,7,In Relationship,2,5,1,1,0,1,0.0,4.1,True,False,False,False,True,False
92,19,Female,Undergraduate,Albania,4.7,TikTok,Yes,5.8,6,Complicated,3,7,0,0,2,0,4.7,1.0999999999999996,False,True,False,True,False,False
93,21,Male,Undergraduate,North Macedonia,3.7,Snapchat,No,6.5,7,Single,2,6,0,1,2,2,0.0,2.8,True,False,False,False,True,False
94,20,Female,High School,Kosovo,5.5,Instagram,Yes,5.4,5,In Relationship,4,8,0,0,1,1,5.5,-0.09999999999999964,False,True,False,True,False,False
95,23,Male,Graduate,Bosnia,2.4,LinkedIn,No,7.4,8,Complicated,1,4,1,1,0,0,0.0,5.0,True,False,False,False,True,False
96,19,Female,Undergraduate,Qatar,4.9,TikTok,Yes,5.7,6,Single,3,7,0,0,2,2,4.9,0.7999999999999998,False,True,False,True,False,False
97,18,Male,High School,Kuwait,5.7,Snapchat,Yes,5.3,5,In Relationship,4,8,0,1,1,1,5.7,-0.40000000000000036,False,True,False,True,False,False
98,22,Female,Graduate,Bahrain,2.8,LinkedIn,No,7.1,8,Complicated,1,4,1,0,0,0,0.0,4.3,True,False,False,False,True,False
99,20,Male,Undergraduate,Oman,4.6,Instagram,Yes,5.9,6,Single,3,7,0,1,2,2,4.6,1.3000000000000007,False,True,False,True,False,False
100,21,Female,Undergraduate,Jordan,5.4,TikTok,Yes,5.5,5,In Relationship,4,8,0,0,2,1,5.4,0.09999999999999964,False,True,False,True,False,False
101,19,Male,High School,Lebanon,5.8,YouTube,Yes,5.2,5,Complicated,4,9,0,1,1,0,5.8,-0.5999999999999996,False,True,False,True,False,False
102,23,Female,Graduate,Iraq,2.5,LinkedIn,No,7.3,8,Single,1,4,1,0,0,2,0.0,4.8,True,False,False,False,True,False
103,20,Male,Undergraduate,Yemen,4.7,Facebook,Yes,5.8,6,In Relationship,3,7,0,1,2,1,4.7,1.0999999999999996,False,True,False,True,False,False
104,18,Female,High School,Syria,5.6,Instagram,Yes,5.4,5,Single,4,8,0,0,1,2,5.6,-0.1999999999999993,False,True,False,True,False,False
105,22,Male,Graduate,Afghanistan,2.9,LinkedIn,No,7.0,7,Complicated,2,5,1,1,0,0,0.0,4.1,True,False,False,False,True,False
106,19,Female,Undergraduate,Pakistan,4.8,TikTok,Yes,5.7,6,In Relationship,3,7,0,0,2,1,4.8,0.9000000000000004,False,True,False,True,False,False
107,21,Male,Undergraduate,Nepal,3.8,YouTube,No,6.6,7,Single,2,6,0,1,2,2,0.0,2.8,True,False,False,False,True,False
108,20,Female,High School,Bhutan,5.5,Snapchat,Yes,5.5,5,Complicated,4,8,0,0,1,0,5.5,0.0,False,True,False,True,False,False
109,23,Male,Graduate,Sri Lanka,2.6,LinkedIn,No,7.2,8,In Relationship,1,4,1,1,0,1,0.0,4.6,True,False,False,False,True,False
110,19,Female,Undergraduate,Maldives,4.9,Instagram,Yes,5.8,6,Single,3,7,0,0,2,2,4.9,0.8999999999999995,False,True,False,True,False,False
111,20,Male,Undergraduate,Bangladesh,6.1,Instagram,Yes,6.2,5,Single,4,8,0,1,2,2,6.1,0.10000000000000053,False,False,True,True,False,False
112,21,Female,Undergraduate,India,5.8,TikTok,Yes,5.9,6,In Relationship,3,7,0,0,2,1,5.8,0.10000000000000053,False,True,False,True,False,False
113,19,Male,Undergraduate,Nepal,4.9,Facebook,No,7.1,7,Single,2,5,1,1,2,2,0.0,2.1999999999999993,False,True,False,False,True,False
114,22,Female,Graduate,Pakistan,5.5,Instagram,Yes,6.0,5,Single,4,8,0,0,0,2,5.5,0.5,False,True,False,True,False,False
115,20,Male,Undergraduate,Sri Lanka,5.2,TikTok,Yes,6.3,6,In Relationship,3,7,0,1,2,1,5.2,1.0999999999999996,False,True,False,True,False,False
116,19,Female,Undergraduate,Maldives,4.8,Instagram,No,7.2,8,Single,2,5,1,0,2,2,0.0,2.4000000000000004,False,True,False,False,True,False
117,21,Male,Graduate,Bangladesh,6.0,Facebook,Yes,5.8,5,In Relationship,4,8,0,1,0,1,6.0,-0.20000000000000018,False,True,False,True,False,False
118,20,Female,Undergraduate,India,5.7,Instagram,Yes,6.1,6,Single,3,7,0,0,2,2,5.7,0.39999999999999947,False,True,False,True,False,False
119,22,Male,Graduate,Nepal,4.7,TikTok,No,7.3,7,Single,2,5,1,1,0,2,0.0,2.5999999999999996,False,True,False,False,True,False
120,19,Female,Undergraduate,Pakistan,5.4,Instagram,Yes,6.2,5,In Relationship,4,8,0,0,2,1,5.4,0.7999999999999998,False,True,False,True,False,False
121,20,Male,Undergraduate,Sri Lanka,5.9,Facebook,Yes,5.9,6,Single,3,7,0,1,2,2,5.9,0.0,False,True,False,True,False,False
122,21,Female,Graduate,Maldives,4.6,Instagram,No,7.4,8,In Relationship,2,5,1,0,0,1,0.0,2.8000000000000007,False,True,False,False,True,False
123,19,Male,Undergraduate,Bangladesh,5.3,TikTok,Yes,6.3,5,Single,4,8,0,1,2,2,5.3,1.0,False,True,False,True,False,False
124,22,Female,Graduate,India,5.8,Instagram,Yes,5.8,6,In Relationship,3,7,0,0,0,1,5.8,0.0,False,True,False,True,False,False
125,20,Male,Undergraduate,Nepal,4.5,Facebook,No,7.5,7,Single,2,5,1,1,2,2,0.0,3.0,False,True,False,False,True,False
126,21,Female,Graduate,Pakistan,5.2,Instagram,Yes,6.4,5,In Relationship,4,8,0,0,0,1,5.2,1.2000000000000002,False,True,False,True,False,False
127,19,Male,Undergraduate,Sri Lanka,5.7,TikTok,Yes,5.7,6,Single,3,7,0,1,2,2,5.7,0.0,False,True,False,True,False,False
128,20,Female,Undergraduate,Maldives,4.4,Instagram,No,7.6,8,In Relationship,2,5,1,0,2,1,0.0,3.1999999999999993,False,True,False,False,True,False
129,22,Male,Graduate,Bangladesh,5.1,Facebook,Yes,6.5,5,Single,4,8,0,1,0,2,5.1,1.4000000000000004,False,True,False,True,False,False
130,21,Female,Graduate,India,5.6,Instagram,Yes,5.6,6,In Relationship,3,7,0,0,0,1,5.6,0.0,False,True,False,True,False,False
131,19,Male,Undergraduate,Nepal,4.3,TikTok,No,7.7,7,Single,2,5,1,1,2,2,0.0,3.4000000000000004,False,True,False,False,True,False
132,20,Female,Undergraduate,Pakistan,5.0,Instagram,Yes,6.6,5,In Relationship,4,8,0,0,2,1,5.0,1.5999999999999996,False,True,False,True,False,False
133,22,Male,Graduate,Sri Lanka,5.5,Facebook,Yes,5.5,6,Single,3,7,0,1,0,2,5.5,0.0,False,True,False,True,False,False
134,21,Female,Graduate,Maldives,4.2,Instagram,No,7.8,8,In Relationship,2,5,1,0,0,1,0.0,3.5999999999999996,False,True,False,False,True,False
135,19,Male,Undergraduate,Bangladesh,4.9,TikTok,Yes,6.7,5,Single,4,8,0,1,2,2,4.9,1.7999999999999998,False,True,False,True,False,False
136,20,Female,Undergraduate,India,5.4,Instagram,Yes,5.4,6,In Relationship,3,7,0,0,2,1,5.4,0.0,False,True,False,True,False,False
137,22,Male,Graduate,Nepal,4.1,Facebook,No,7.9,7,Single,2,5,1,1,0,2,0.0,3.8000000000000007,False,True,False,False,True,False
138,21,Female,Graduate,Pakistan,4.8,Instagram,Yes,6.8,5,In Relationship,4,8,0,0,0,1,4.8,2.0,False,True,False,True,False,False
139,19,Male,Undergraduate,Sri Lanka,5.3,TikTok,Yes,5.3,6,Single,3,7,0,1,2,2,5.3,0.0,False,True,False,True,False,False
140,20,Female,Undergraduate,Maldives,4.0,Instagram,No,8.0,8,In Relationship,2,5,1,0,2,1,0.0,4.0,True,False,False,False,True,False
141,22,Male,Graduate,Bangladesh,4.7,Facebook,Yes,6.9,5,Single,4,8,0,1,0,2,4.7,2.2,False,True,False,True,False,False
142,21,Female,Graduate,India,5.2,Instagram,Yes,5.2,6,In Relationship,3,7,0,0,0,1,5.2,0.0,False,True,False,True,False,False
143,19,Male,Undergraduate,Nepal,3.9,TikTok,No,8.1,7,Single,2,5,1,1,2,2,0.0,4.199999999999999,True,False,False,False,True,False
144,20,Female,Undergraduate,Pakistan,4.6,Instagram,Yes,7.0,5,In Relationship,4,8,1,0,2,1,4.6,2.4000000000000004,False,True,False,True,False,False
145,22,Male,Graduate,Sri Lanka,5.1,Facebook,Yes,5.1,6,Single,3,7,0,1,0,2,5.1,0.0,False,True,False,True,False,False
146,21,Female,Graduate,Maldives,3.8,Instagram,No,8.2,8,In Relationship,2,5,1,0,0,1,0.0,4.3999999999999995,True,False,False,False,True,False
147,19,Male,Undergraduate,Bangladesh,4.5,TikTok,Yes,7.1,5,Single,4,8,1,1,2,2,4.5,2.5999999999999996,False,True,False,True,False,False
148,20,Female,Undergraduate,India,5.0,Instagram,Yes,5.0,6,In Relationship,3,7,0,0,2,1,5.0,0.0,False,True,False,True,False,False
149,22,Male,Graduate,Nepal,3.7,Facebook,No,8.3,7,Single,2,5,1,1,0,2,0.0,4.6000000000000005,True,False,False,False,True,False
150,21,Female,Graduate,Pakistan,4.4,Instagram,Yes,7.2,5,In Relationship,4,8,1,0,0,1,4.4,2.8,False,True,False,True,False,False
151,19,Male,Undergraduate,Sri Lanka,4.9,TikTok,Yes,4.9,6,Single,3,7,0,1,2,2,4.9,0.0,False,True,False,True,False,False
152,20,Female,Undergraduate,Maldives,3.6,Instagram,No,8.4,8,In Relationship,2,5,1,0,2,1,0.0,4.800000000000001,True,False,False,False,True,False
153,22,Male,Graduate,Bangladesh,4.3,Facebook,Yes,7.3,5,Single,4,8,1,1,0,2,4.3,3.0,False,True,False,True,False,False
154,21,Female,Graduate,India,4.8,Instagram,Yes,4.8,6,In Relationship,3,7,0,0,0,1,4.8,0.0,False,True,False,True,False,False
155,19,Male,Undergraduate,Nepal,3.5,TikTok,No,8.5,7,Single,2,5,1,1,2,2,0.0,5.0,True,False,False,False,True,False
156,20,Female,Undergraduate,Pakistan,4.2,Instagram,Yes,7.4,5,In Relationship,4,8,1,0,2,1,4.2,3.2,False,True,False,True,False,False
157,22,Male,Graduate,Sri Lanka,4.7,Facebook,Yes,4.7,6,Single,3,7,0,1,0,2,4.7,0.0,False,True,False,True,False,False
158,21,Female,Graduate,Maldives,3.4,Instagram,No,8.6,8,In Relationship,2,5,1,0,0,1,0.0,5.199999999999999,True,False,False,False,True,False
159,19,Male,Undergraduate,Bangladesh,4.1,TikTok,Yes,7.5,5,Single,4,8,1,1,2,2,4.1,3.4000000000000004,False,True,False,True,False,False
160,20,Female,Undergraduate,India,4.6,Instagram,Yes,4.6,6,In Relationship,3,7,0,0,2,1,4.6,0.0,False,True,False,True,False,False
161,19,Female,Undergraduate,Bangladesh,5.3,Instagram,Yes,6.1,5,Single,3,7,0,0,2,2,5.3,0.7999999999999998,False,True,False,True,False,False
162,21,Male,Graduate,India,4.8,Facebook,No,7.2,7,In Relationship,2,6,1,1,0,1,0.0,2.4000000000000004,False,True,False,False,True,False
163,20,Female,Undergraduate,Nepal,5.5,TikTok,Yes,5.9,6,Single,4,8,0,0,2,2,5.5,0.40000000000000036,False,True,False,True,False,False
164,22,Male,Graduate,Pakistan,4.7,Instagram,Yes,6.3,5,In Relationship,3,7,0,1,0,1,4.7,1.5999999999999996,False,True,False,True,False,False
165,19,Female,Undergraduate,Sri Lanka,5.1,Facebook,No,7.0,7,Single,2,5,1,0,2,2,0.0,1.9000000000000004,False,True,False,False,True,False
166,21,Male,Graduate,Maldives,5.4,TikTok,Yes,6.0,6,In Relationship,4,8,0,1,0,1,5.4,0.5999999999999996,False,True,False,True,False,False
167,20,Female,Undergraduate,Bangladesh,4.9,Instagram,Yes,6.4,5,Single,3,7,0,0,2,2,4.9,1.5,False,True,False,True,False,False
168,22,Male,Graduate,India,5.2,Facebook,No,7.1,7,In Relationship,2,6,1,1,0,1,0.0,1.8999999999999995,False,True,False,False,True,False
169,19,Female,Undergraduate,Nepal,5.6,TikTok,Yes,5.8,6,Single,4,8,0,0,2,2,5.6,0.20000000000000018,False,True,False,True,False,False
170,21,Male,Graduate,Pakistan,4.6,Instagram,Yes,6.5,5,In Relationship,3,7,0,1,0,1,4.6,1.9000000000000004,False,True,False,True,False,False
171,20,Female,Undergraduate,Sri Lanka,5.0,Facebook,No,7.3,7,Single,2,5,1,0,2,2,0.0,2.3,False,True,False,False,True,False
172,22,Male,Graduate,Maldives,5.3,TikTok,Yes,5.7,6,In Relationship,4,8,0,1,0,1,5.3,0.40000000000000036,False,True,False,True,False,False
173,19,Female,Undergraduate,Bangladesh,4.8,Instagram,Yes,6.6,5,Single,3,7,0,0,2,2,4.8,1.7999999999999998,False,True,False,True,False,False
174,21,Male,Graduate,India,5.1,Facebook,No,7.4,7,In Relationship,2,6,1,1,0,1,0.0,2.3000000000000007,False,True,False,False,True,False
175,20,Female,Undergraduate,Nepal,5.7,TikTok,Yes,5.6,6,Single,4,8,0,0,2,2,5.7,-0.10000000000000053,False,True,False,True,False,False
176,22,Male,Graduate,Pakistan,4.5,Instagram,Yes,6.7,5,In Relationship,3,7,0,1,0,1,4.5,2.2,False,True,False,True,False,False
177,19,Female,Undergraduate,Sri Lanka,4.9,Facebook,No,7.5,7,Single,2,5,1,0,2,2,0.0,2.5999999999999996,False,True,False,False,True,False
178,21,Male,Graduate,Maldives,5.2,TikTok,Yes,5.5,6,In Relationship,4,8,0,1,0,1,5.2,0.2999999999999998,False,True,False,True,False,False
179,20,Female,Undergraduate,Bangladesh,4.7,Instagram,Yes,6.8,5,Single,3,7,0,0,2,2,4.7,2.0999999999999996,False,True,False,True,False,False
180,22,Male,Graduate,India,5.0,Facebook,No,7.6,7,In Relationship,2,6,1,1,0,1,0.0,2.5999999999999996,False,True,False,False,True,False
181,19,Female,Undergraduate,Nepal,5.8,TikTok,Yes,5.4,6,Single,4,8,0,0,2,2,5.8,-0.39999999999999947,False,True,False,True,False,False
182,21,Male,Graduate,Pakistan,4.4,Instagram,Yes,6.9,5,In Relationship,3,7,0,1,0,1,4.4,2.5,False,True,False,True,False,False
183,20,Female,Undergraduate,Sri Lanka,4.8,Facebook,No,7.7,7,Single,2,5,1,0,2,2,0.0,2.9000000000000004,False,True,False,False,True,False
184,22,Male,Graduate,Maldives,5.1,TikTok,Yes,5.3,6,In Relationship,4,8,0,1,0,1,5.1,0.20000000000000018,False,True,False,True,False,False
185,19,Female,Undergraduate,Bangladesh,4.6,Instagram,Yes,7.0,5,Single,3,7,1,0,2,2,4.6,2.4000000000000004,False,True,False,True,False,False
186,21,Male,Graduate,India,4.9,Facebook,No,7.8,7,In Relationship,2,6,1,1,0,1,0.0,2.8999999999999995,False,True,False,False,True,False
187,20,Female,Undergraduate,Nepal,5.9,TikTok,Yes,5.2,6,Single,4,8,0,0,2,2,5.9,-0.7000000000000002,False,True,False,True,False,False
188,22,Male,Graduate,Pakistan,4.3,Instagram,Yes,7.1,5,In Relationship,3,7,1,1,0,1,4.3,2.8,False,True,False,True,False,False
189,19,Female,Undergraduate,Sri Lanka,4.7,Facebook,No,7.9,7,Single,2,5,1,0,2,2,0.0,3.2,False,True,False,False,True,False
190,21,Male,Graduate,Maldives,5.0,TikTok,Yes,5.1,6,In Relationship,4,8,0,1,0,1,5.0,0.09999999999999964,False,True,False,True,False,False
191,20,Female,Undergraduate,Bangladesh,4.5,Instagram,Yes,7.2,5,Single,3,7,1,0,2,2,4.5,2.7,False,True,False,True,False,False
192,22,Male,Graduate,India,4.8,Facebook,No,8.0,7,In Relationship,2,6,1,1,0,1,0.0,3.2,False,True,False,False,True,False
193,19,Female,Undergraduate,Nepal,6.0,TikTok,Yes,5.0,6,Single,4,8,0,0,2,2,6.0,-1.0,False,True,False,True,False,False
194,21,Male,Graduate,Pakistan,4.2,Instagram,Yes,7.3,5,In Relationship,3,7,1,1,0,1,4.2,3.0999999999999996,False,True,False,True,False,False
195,20,Female,Undergraduate,Sri Lanka,4.6,Facebook,No,8.1,7,Single,2,5,1,0,2,2,0.0,3.5,False,True,False,False,True,False
196,22,Male,Graduate,Maldives,4.9,TikTok,Yes,4.9,6,In Relationship,4,8,0,1,0,1,4.9,0.0,False,True,False,True,False,False
197,19,Female,Undergraduate,Bangladesh,4.4,Instagram,Yes,7.4,5,Single,3,7,1,0,2,2,4.4,3.0,False,True,False,True,False,False
198,21,Male,Graduate,India,4.7,Facebook,No,8.2,7,In Relationship,2,6,1,1,0,1,0.0,3.499999999999999,False,True,False,False,True,False
199,20,Female,Undergraduate,Nepal,6.1,TikTok,Yes,4.8,6,Single,4,8,0,0,2,2,6.1,-1.2999999999999998,False,False,True,True,False,False
200,22,Male,Graduate,Pakistan,4.1,Instagram,Yes,7.5,5,In Relationship,3,7,1,1,0,1,4.1,3.4000000000000004,False,True,False,True,False,False
201,19,Female,Undergraduate,Sri Lanka,4.5,Facebook,No,8.3,7,Single,2,5,1,0,2,2,0.0,3.8000000000000007,False,True,False,False,True,False
202,21,Male,Graduate,Maldives,4.8,TikTok,Yes,4.7,6,In Relationship,4,8,0,1,0,1,4.8,-0.09999999999999964,False,True,False,True,False,False
203,20,Female,Undergraduate,Bangladesh,4.3,Instagram,Yes,7.6,5,Single,3,7,1,0,2,2,4.3,3.3,False,True,False,True,False,False
204,22,Male,Graduate,India,4.6,Facebook,No,8.4,7,In Relationship,2,6,1,1,0,1,0.0,3.8000000000000007,False,True,False,False,True,False
205,19,Female,Undergraduate,Nepal,6.2,TikTok,Yes,4.6,6,Single,4,8,0,0,2,2,6.2,-1.6000000000000005,False,False,True,True,False,False
206,21,Male,Graduate,Pakistan,4.0,Instagram,Yes,7.7,5,In Relationship,3,7,1,1,0,1,4.0,3.7,True,False,False,True,False,False
207,20,Female,Undergraduate,Sri Lanka,4.4,Facebook,No,8.5,7,Single,2,5,1,0,2,2,0.0,4.1,False,True,False,False,True,False
208,22,Male,Graduate,Maldives,4.7,TikTok,Yes,4.5,6,In Relationship,4,8,0,1,0,1,4.7,-0.20000000000000018,False,True,False,True,False,False
209,19,Female,Undergraduate,Bangladesh,4.2,Instagram,Yes,7.8,5,Single,3,7,1,0,2,2,4.2,3.5999999999999996,False,True,False,True,False,False
210,21,Male,Graduate,India,4.5,Facebook,No,8.6,7,In Relationship,2,6,1,1,0,1,0.0,4.1,False,True,False,False,True,False
211,20,Female,Undergraduate,Nepal,6.3,TikTok,Yes,4.4,6,Single,4,8,0,0,2,2,6.3,-1.8999999999999995,False,False,True,True,False,False
212,22,Male,Graduate,Pakistan,3.9,Instagram,Yes,7.9,5,In Relationship,3,7,1,1,0,1,3.9,4.0,True,False,False,True,False,False
213,19,Female,Undergraduate,Sri Lanka,4.3,Facebook,No,8.7,7,Single,2,5,1,0,2,2,0.0,4.3999999999999995,False,True,False,False,True,False
214,21,Male,Graduate,Maldives,4.6,TikTok,Yes,4.3,6,In Relationship,4,8,0,1,0,1,4.6,-0.2999999999999998,False,True,False,True,False,False
215,20,Female,Undergraduate,Bangladesh,4.1,Instagram,Yes,8.0,5,Single,3,7,1,0,2,2,4.1,3.9000000000000004,False,True,False,True,False,False
216,22,Male,Graduate,India,4.4,Facebook,No,8.8,7,In Relationship,2,6,1,1,0,1,0.0,4.4,False,True,False,False,True,False
217,19,Female,Undergraduate,Nepal,6.4,TikTok,Yes,4.2,6,Single,4,8,0,0,2,2,6.4,-2.2,False,False,True,True,False,False
218,21,Male,Graduate,Pakistan,3.8,Instagram,Yes,8.1,5,In Relationship,3,7,1,1,0,1,3.8,4.3,True,False,False,True,False,False
219,20,Female,Undergraduate,Sri Lanka,4.2,Facebook,No,8.9,7,Single,2,5,1,0,2,2,0.0,4.7,False,True,False,False,True,False
220,22,Male,Graduate,Maldives,4.5,TikTok,Yes,4.1,6,In Relationship,4,8,0,1,0,1,4.5,-0.40000000000000036,False,True,False,True,False,False
221,19,Female,Undergraduate,USA,6.5,Instagram,Yes,6.0,5,Single,4,9,0,0,2,2,6.5,-0.5,False,False,True,True,False,False
222,21,Male,Graduate,UK,5.8,TikTok,Yes,6.5,6,In Relationship,3,7,0,1,0,1,5.8,0.7000000000000002,False,True,False,True,False,False
223,20,Female,Undergraduate,Australia,4.5,Instagram,No,7.5,8,Single,2,5,1,0,2,2,0.0,3.0,False,True,False,False,True,False
224,22,Male,Graduate,Germany,4.2,Facebook,No,7.8,7,In Relationship,2,4,1,1,0,1,0.0,3.5999999999999996,False,True,False,False,True,False
225,19,Female,Undergraduate,Japan,3.8,LINE,No,7.9,8,Single,1,3,1,0,2,2,0.0,4.1000000000000005,True,False,False,False,True,False
226,21,Male,Graduate,Italy,5.5,Instagram,Yes,6.8,6,Single,3,7,0,1,0,2,5.5,1.2999999999999998,False,True,False,True,False,False
227,20,Female,Undergraduate,South Korea,5.2,KakaoTalk,Yes,6.5,6,In Relationship,3,6,0,0,2,1,5.2,1.2999999999999998,False,True,False,True,False,False
228,22,Male,Graduate,Russia,4.8,VKontakte,No,7.2,7,Single,2,5,1,1,0,2,0.0,2.4000000000000004,False,True,False,False,True,False
229,19,Female,Undergraduate,USA,7.0,TikTok,Yes,5.8,4,In Relationship,4,9,0,0,2,1,7.0,-1.2000000000000002,False,False,True,False,False,False
230,21,Male,Graduate,UK,5.5,Instagram,Yes,6.7,6,Single,3,7,0,1,0,2,5.5,1.2000000000000002,False,True,False,True,False,False
231,20,Female,Undergraduate,Australia,4.7,Facebook,No,7.4,7,In Relationship,2,5,1,0,2,1,0.0,2.7,False,True,False,False,True,False
232,22,Male,Graduate,Germany,4.0,Instagram,No,7.9,8,Single,1,4,1,1,0,2,0.0,3.9000000000000004,True,False,False,False,True,False
233,19,Female,Undergraduate,Japan,3.5,LINE,No,8.0,8,Single,1,3,1,0,2,2,0.0,4.5,True,False,False,False,True,False
234,21,Male,Graduate,Italy,5.7,TikTok,Yes,6.5,5,In Relationship,3,8,0,1,0,1,5.7,0.7999999999999998,False,True,False,True,False,False
235,20,Female,Undergraduate,South Korea,5.0,KakaoTalk,Yes,6.8,6,Single,3,6,0,0,2,2,5.0,1.7999999999999998,False,True,False,True,False,False
236,22,Male,Graduate,Russia,4.5,VKontakte,No,7.4,7,In Relationship,2,5,1,1,0,1,0.0,2.9000000000000004,False,True,False,False,True,False
237,19,Female,Undergraduate,USA,6.8,Instagram,Yes,5.9,4,Single,4,9,0,0,2,2,6.8,-0.8999999999999995,False,False,True,False,False,False
238,21,Male,Graduate,UK,5.6,Facebook,Yes,6.6,6,In Relationship,3,7,0,1,0,1,5.6,1.0,False,True,False,True,False,False
239,20,Female,Undergraduate,Australia,4.6,Instagram,No,7.3,7,Single,2,5,1,0,2,2,0.0,2.7,False,True,False,False,True,False
240,22,Male,Graduate,Germany,4.1,Facebook,No,7.7,8,In Relationship,2,4,1,1,0,1,0.0,3.6000000000000005,False,True,False,False,True,False
241,19,Female,Undergraduate,Japan,3.7,LINE,No,7.8,8,Single,1,3,1,0,2,2,0.0,4.1,True,False,False,False,True,False
242,21,Male,Graduate,Italy,5.4,Instagram,Yes,6.7,5,Single,3,7,0,1,0,2,5.4,1.2999999999999998,False,True,False,True,False,False
243,20,Female,Undergraduate,South Korea,5.1,KakaoTalk,Yes,6.6,6,In Relationship,3,6,0,0,2,1,5.1,1.5,False,True,False,True,False,False
244,22,Male,Graduate,Russia,4.7,VKontakte,No,7.3,7,Single,2,5,1,1,0,2,0.0,2.5999999999999996,False,True,False,False,True,False
245,19,Female,Undergraduate,USA,6.9,TikTok,Yes,5.7,4,In Relationship,4,9,0,0,2,1,6.9,-1.2000000000000002,False,False,True,False,False,False
246,21,Male,Graduate,UK,5.7,Instagram,Yes,6.4,6,Single,3,7,0,1,0,2,5.7,0.7000000000000002,False,True,False,True,False,False
247,20,Female,Undergraduate,Australia,4.8,Facebook,No,7.2,7,In Relationship,2,5,1,0,2,1,0.0,2.4000000000000004,False,True,False,False,True,False
248,22,Male,Graduate,Germany,3.9,Instagram,No,7.8,8,Single,1,4,1,1,0,2,0.0,3.9,True,False,False,False,True,False
249,19,Female,Undergraduate,Japan,3.6,LINE,No,8.1,8,Single,1,3,1,0,2,2,0.0,4.5,True,False,False,False,True,False
250,21,Male,Graduate,Italy,5.6,TikTok,Yes,6.6,5,In Relationship,3,8,0,1,0,1,5.6,1.0,False,True,False,True,False,False
251,20,Female,Undergraduate,South Korea,4.9,KakaoTalk,Yes,6.9,6,Single,3,6,0,0,2,2,4.9,2.0,False,True,False,True,False,False
252,22,Male,Graduate,Russia,4.6,VKontakte,No,7.5,7,In Relationship,2,5,1,1,0,1,0.0,2.9000000000000004,False,True,False,False,True,False
253,19,Female,Undergraduate,USA,6.7,Instagram,Yes,5.8,4,Single,4,9,0,0,2,2,6.7,-0.9000000000000004,False,False,True,False,False,False
254,21,Male,Graduate,UK,5.4,Facebook,Yes,6.5,6,In Relationship,3,7,0,1,0,1,5.4,1.0999999999999996,False,True,False,True,False,False
255,20,Female,Undergraduate,Australia,4.4,Instagram,No,7.4,7,Single,2,5,1,0,2,2,0.0,3.0,False,True,False,False,True,False
256,22,Male,Graduate,Germany,4.0,Facebook,No,7.6,8,In Relationship,2,4,1,1,0,1,0.0,3.5999999999999996,True,False,False,False,True,False
257,19,Female,Undergraduate,Japan,3.4,LINE,No,8.2,8,Single,1,3,1,0,2,2,0.0,4.799999999999999,True,False,False,False,True,False
258,21,Male,Graduate,Italy,5.3,Instagram,Yes,6.8,5,Single,3,7,0,1,0,2,5.3,1.5,False,True,False,True,False,False
259,20,Female,Undergraduate,South Korea,5.0,KakaoTalk,Yes,6.7,6,In Relationship,3,6,0,0,2,1,5.0,1.7000000000000002,False,True,False,True,False,False
260,22,Male,Graduate,Russia,4.4,VKontakte,No,7.6,7,Single,2,5,1,1,0,2,0.0,3.1999999999999993,False,True,False,False,True,False
261,19,Female,Undergraduate,USA,6.6,TikTok,Yes,5.6,4,In Relationship,4,9,0,0,2,1,6.6,-1.0,False,False,True,False,False,False
262,21,Male,Graduate,UK,5.3,Instagram,Yes,6.3,6,Single,3,7,0,1,0,2,5.3,1.0,False,True,False,True,False,False
263,20,Female,Undergraduate,Australia,4.3,Facebook,No,7.5,7,In Relationship,2,5,1,0,2,1,0.0,3.2,False,True,False,False,True,False
264,22,Male,Graduate,Germany,3.8,Instagram,No,7.7,8,Single,1,4,1,1,0,2,0.0,3.9000000000000004,True,False,False,False,True,False
265,19,Female,Undergraduate,Japan,3.3,LINE,No,8.3,8,Single,1,3,1,0,2,2,0.0,5.000000000000001,True,False,False,False,True,False
266,21,Male,Graduate,Italy,5.2,TikTok,Yes,6.9,5,In Relationship,3,8,0,1,0,1,5.2,1.7000000000000002,False,True,False,True,False,False
267,20,Female,Undergraduate,South Korea,4.8,KakaoTalk,Yes,7.0,6,Single,3,6,1,0,2,2,4.8,2.2,False,True,False,True,False,False
268,22,Male,Graduate,Russia,4.3,VKontakte,No,7.7,7,In Relationship,2,5,1,1,0,1,0.0,3.4000000000000004,False,True,False,False,True,False
269,19,Female,Undergraduate,USA,6.4,Instagram,Yes,5.7,4,Single,4,9,0,0,2,2,6.4,-0.7000000000000002,False,False,True,False,False,False
270,21,Male,Graduate,UK,5.2,Facebook,Yes,6.4,6,In Relationship,3,7,0,1,0,1,5.2,1.2000000000000002,False,True,False,True,False,False
271,20,Female,Undergraduate,Australia,4.5,Instagram,No,7.3,7,Single,2,5,1,0,2,2,0.0,2.8,False,True,False,False,True,False
272,22,Male,Graduate,Germany,3.7,Facebook,No,7.8,8,In Relationship,1,4,1,1,0,1,0.0,4.1,True,False,False,False,True,False
273,19,Female,Undergraduate,Japan,3.2,LINE,No,8.4,8,Single,1,3,1,0,2,2,0.0,5.2,True,False,False,False,True,False
274,21,Male,Graduate,Italy,5.4,Instagram,Yes,6.7,5,Single,3,7,0,1,0,2,5.4,1.2999999999999998,False,True,False,True,False,False
275,20,Female,Undergraduate,South Korea,4.7,KakaoTalk,Yes,7.1,6,In Relationship,3,6,1,0,2,1,4.7,2.3999999999999995,False,True,False,True,False,False
276,22,Male,Graduate,Russia,4.2,VKontakte,No,7.8,7,Single,2,5,1,1,0,2,0.0,3.5999999999999996,False,True,False,False,True,False
277,19,Female,Undergraduate,USA,6.6,TikTok,Yes,5.5,4,In Relationship,4,9,0,0,2,1,6.6,-1.0999999999999996,False,False,True,False,False,False
278,21,Male,Graduate,UK,5.1,Instagram,Yes,6.5,6,Single,3,7,0,1,0,2,5.1,1.4000000000000004,False,True,False,True,False,False
279,20,Female,Undergraduate,Australia,4.4,Facebook,No,7.4,7,In Relationship,2,5,1,0,2,1,0.0,3.0,False,True,False,False,True,False
280,22,Male,Graduate,Germany,3.6,Instagram,No,7.9,8,Single,1,4,1,1,0,2,0.0,4.300000000000001,True,False,False,False,True,False
281,19,Female,Undergraduate,Japan,3.1,LINE,No,8.5,8,Single,1,3,1,0,2,2,0.0,5.4,True,False,False,False,True,False
282,21,Male,Graduate,Italy,5.3,TikTok,Yes,6.8,5,In Relationship,3,8,0,1,0,1,5.3,1.5,False,True,False,True,False,False
283,20,Female,Undergraduate,South Korea,4.6,KakaoTalk,Yes,7.2,6,Single,3,6,1,0,2,2,4.6,2.6000000000000005,False,True,False,True,False,False
284,22,Male,Graduate,Russia,4.1,VKontakte,No,7.9,7,In Relationship,2,5,1,1,0,1,0.0,3.8000000000000007,False,True,False,False,True,False
285,19,Female,Undergraduate,USA,6.7,Instagram,Yes,5.4,4,Single,4,9,0,0,2,2,6.7,-1.2999999999999998,False,False,True,False,False,False
286,21,Male,Graduate,UK,5.0,Facebook,Yes,6.6,6,In Relationship,3,7,0,1,0,1,5.0,1.5999999999999996,False,True,False,True,False,False
287,20,Female,Undergraduate,Australia,4.3,Instagram,No,7.5,7,Single,2,5,1,0,2,2,0.0,3.2,False,True,False,False,True,False
288,22,Male,Graduate,Germany,3.5,Facebook,No,8.0,8,In Relationship,1,4,1,1,0,1,0.0,4.5,True,False,False,False,True,False
289,19,Female,Undergraduate,Japan,3.0,LINE,No,8.6,8,Single,1,3,1,0,2,2,0.0,5.6,True,False,False,False,True,False
290,21,Male,Graduate,Italy,5.2,Instagram,Yes,6.9,5,Single,3,7,0,1,0,2,5.2,1.7000000000000002,False,True,False,True,False,False
291,20,Female,Undergraduate,South Korea,4.5,KakaoTalk,Yes,7.3,6,In Relationship,3,6,1,0,2,1,4.5,2.8,False,True,False,True,False,False
292,22,Male,Graduate,Russia,4.0,VKontakte,No,8.0,7,Single,2,5,1,1,0,2,0.0,4.0,True,False,False,False,True,False
293,19,Female,Undergraduate,USA,6.8,TikTok,Yes,5.3,4,In Relationship,4,9,0,0,2,1,6.8,-1.5,False,False,True,False,False,False
294,21,Male,Graduate,UK,4.9,Instagram,Yes,6.7,6,Single,3,7,0,1,0,2,4.9,1.7999999999999998,False,True,False,True,False,False
295,20,Female,Undergraduate,Australia,4.2,Facebook,No,7.6,7,In Relationship,2,5,1,0,2,1,0.0,3.3999999999999995,False,True,False,False,True,False
296,22,Male,Graduate,Germany,3.4,Instagram,No,8.1,8,Single,1,4,1,1,0,2,0.0,4.699999999999999,True,False,False,False,True,False
297,19,Female,Undergraduate,Japan,2.9,LINE,No,8.7,8,Single,1,3,1,0,2,2,0.0,5.799999999999999,True,False,False,False,True,False
298,21,Male,Graduate,Italy,5.1,TikTok,Yes,7.0,5,In Relationship,3,8,1,1,0,1,5.1,1.9000000000000004,False,True,False,True,False,False
299,20,Female,Undergraduate,South Korea,4.4,KakaoTalk,Yes,7.4,6,Single,3,6,1,0,2,2,4.4,3.0,False,True,False,True,False,False
300,22,Male,Graduate,Russia,3.9,VKontakte,No,8.1,7,In Relationship,2,5,1,1,0,1,0.0,4.199999999999999,True,False,False,False,True,False
301,19,Female,Undergraduate,USA,6.9,Instagram,Yes,5.2,4,Single,4,9,0,0,2,2,6.9,-1.7000000000000002,False,False,True,False,False,False
302,21,Male,Graduate,UK,4.8,Facebook,Yes,6.8,6,In Relationship,3,7,0,1,0,1,4.8,2.0,False,True,False,True,False,False
303,20,Female,Undergraduate,Australia,4.1,Instagram,No,7.7,7,Single,2,5,1,0,2,2,0.0,3.6000000000000005,False,True,False,False,True,False
304,22,Male,Graduate,Germany,3.3,Facebook,No,8.2,8,In Relationship,1,4,1,1,0,1,0.0,4.8999999999999995,True,False,False,False,True,False
305,19,Female,Undergraduate,Japan,2.8,LINE,No,8.8,8,Single,1,3,1,0,2,2,0.0,6.000000000000001,True,False,False,False,True,False
306,21,Male,Graduate,Italy,5.0,Instagram,Yes,7.1,5,Single,3,7,1,1,0,2,5.0,2.0999999999999996,False,True,False,True,False,False
307,20,Female,Undergraduate,South Korea,4.3,KakaoTalk,Yes,7.5,6,In Relationship,3,6,1,0,2,1,4.3,3.2,False,True,False,True,False,False
308,22,Male,Graduate,Russia,3.8,VKontakte,No,8.2,7,Single,2,5,1,1,0,2,0.0,4.3999999999999995,True,False,False,False,True,False
309,19,Female,Undergraduate,USA,7.0,TikTok,Yes,5.1,4,In Relationship,4,9,0,0,2,1,7.0,-1.9000000000000004,False,False,True,False,False,False
310,21,Male,Graduate,UK,4.7,Instagram,Yes,6.9,6,Single,3,7,0,1,0,2,4.7,2.2,False,True,False,True,False,False
311,20,Female,Undergraduate,Australia,4.0,Facebook,No,7.8,7,In Relationship,2,5,1,0,2,1,0.0,3.8,True,False,False,False,True,False
312,22,Male,Graduate,Germany,3.2,Instagram,No,8.3,8,Single,1,4,1,1,0,2,0.0,5.1000000000000005,True,False,False,False,True,False
313,19,Female,Undergraduate,Japan,2.7,LINE,No,8.9,8,Single,1,3,1,0,2,2,0.0,6.2,True,False,False,False,True,False
314,21,Male,Graduate,Italy,4.9,TikTok,Yes,7.2,5,In Relationship,3,8,1,1,0,1,4.9,2.3,False,True,False,True,False,False
315,20,Female,Undergraduate,South Korea,4.2,KakaoTalk,Yes,7.6,6,Single,3,6,1,0,2,2,4.2,3.3999999999999995,False,True,False,True,False,False
316,22,Male,Graduate,Russia,3.7,VKontakte,No,8.3,7,In Relationship,2,5,1,1,0,1,0.0,4.6000000000000005,True,False,False,False,True,False
317,19,Female,Undergraduate,USA,7.1,Instagram,Yes,5.0,4,Single,4,9,0,0,2,2,7.1,-2.0999999999999996,False,False,True,False,False,False
318,21,Male,Graduate,UK,4.6,Facebook,Yes,7.0,6,In Relationship,3,7,1,1,0,1,4.6,2.4000000000000004,False,True,False,True,False,False
319,20,Female,Undergraduate,Australia,3.9,Instagram,No,7.9,7,Single,2,5,1,0,2,2,0.0,4.0,True,False,False,False,True,False
320,22,Male,Graduate,Germany,3.1,Facebook,No,8.4,8,In Relationship,1,4,1,1,0,1,0.0,5.300000000000001,True,False,False,False,True,False
321,19,Female,Undergraduate,Spain,5.2,Instagram,Yes,6.8,6,Single,3,7,0,0,2,2,5.2,1.5999999999999996,False,True,False,True,False,False
322,21,Male,Graduate,Denmark,4.1,Facebook,No,7.8,8,In Relationship,2,4,1,1,0,1,0.0,3.7,False,True,False,False,True,False
323,20,Female,Undergraduate,Ireland,5.0,Instagram,Yes,7.0,7,Single,3,6,1,0,2,2,5.0,2.0,False,True,False,False,True,False
324,22,Male,Graduate,India,5.8,WhatsApp,Yes,6.5,5,In Relationship,4,8,0,1,0,1,5.8,0.7000000000000002,False,True,False,True,False,False
325,19,Female,Undergraduate,Switzerland,4.0,Instagram,No,7.9,8,Single,2,4,1,0,2,2,0.0,3.9000000000000004,True,False,False,False,True,False
326,21,Male,Graduate,Turkey,5.5,Instagram,Yes,6.7,6,Single,3,7,0,1,0,2,5.5,1.2000000000000002,False,True,False,True,False,False
327,20,Female,Undergraduate,USA,6.8,TikTok,Yes,5.5,5,In Relationship,4,9,0,0,2,1,6.8,-1.2999999999999998,False,False,True,True,False,False
328,22,Male,Graduate,Mexico,5.6,WhatsApp,Yes,6.6,6,Single,3,7,0,1,0,2,5.6,1.0,False,True,False,True,False,False
329,19,Female,Undergraduate,France,4.5,Instagram,No,7.5,7,In Relationship,2,5,1,0,2,1,0.0,3.0,False,True,False,False,True,False
330,21,Male,Graduate,Canada,5.3,Instagram,Yes,6.9,6,Single,3,7,0,1,0,2,5.3,1.6000000000000005,False,True,False,True,False,False
331,20,Female,Undergraduate,Spain,5.1,TikTok,Yes,6.7,6,Single,3,7,0,0,2,2,5.1,1.6000000000000005,False,True,False,True,False,False
332,22,Male,Graduate,Denmark,3.9,Facebook,No,7.9,8,In Relationship,2,4,1,1,0,1,0.0,4.0,True,False,False,False,True,False
333,19,Female,Undergraduate,Ireland,4.8,Instagram,Yes,7.1,7,Single,3,6,1,0,2,2,4.8,2.3,False,True,False,False,True,False
334,21,Male,Graduate,India,5.9,WhatsApp,Yes,6.4,5,In Relationship,4,8,0,1,0,1,5.9,0.5,False,True,False,True,False,False
335,20,Female,Undergraduate,Switzerland,3.8,Instagram,No,8.0,8,Single,2,4,1,0,2,2,0.0,4.2,True,False,False,False,True,False
336,22,Male,Graduate,Turkey,5.4,TikTok,Yes,6.8,6,Single,3,7,0,1,0,2,5.4,1.3999999999999995,False,True,False,True,False,False
337,19,Female,Undergraduate,USA,6.9,Instagram,Yes,5.4,5,In Relationship,4,9,0,0,2,1,6.9,-1.5,False,False,True,True,False,False
338,21,Male,Graduate,Mexico,5.7,WhatsApp,Yes,6.5,6,Single,3,7,0,1,0,2,5.7,0.7999999999999998,False,True,False,True,False,False
339,20,Female,Undergraduate,France,4.4,Instagram,No,7.6,7,In Relationship,2,5,1,0,2,1,0.0,3.1999999999999993,False,True,False,False,True,False
340,22,Male,Graduate,Canada,5.2,TikTok,Yes,7.0,6,Single,3,7,1,1,0,2,5.2,1.7999999999999998,False,True,False,True,False,False
341,19,Female,Undergraduate,Spain,5.0,Instagram,Yes,6.9,6,Single,3,7,0,0,2,2,5.0,1.9000000000000004,False,True,False,True,False,False
342,21,Male,Graduate,Denmark,3.8,Facebook,No,8.0,8,In Relationship,2,4,1,1,0,1,0.0,4.2,True,False,False,False,True,False
343,20,Female,Undergraduate,Ireland,4.7,TikTok,Yes,7.2,7,Single,3,6,1,0,2,2,4.7,2.5,False,True,False,False,True,False
344,22,Male,Graduate,India,6.0,WhatsApp,Yes,6.3,5,In Relationship,4,8,0,1,0,1,6.0,0.2999999999999998,False,True,False,True,False,False
345,19,Female,Undergraduate,Switzerland,3.7,Instagram,No,8.1,8,Single,2,4,1,0,2,2,0.0,4.3999999999999995,True,False,False,False,True,False
346,21,Male,Graduate,Turkey,5.3,Instagram,Yes,6.9,6,Single,3,7,0,1,0,2,5.3,1.6000000000000005,False,True,False,True,False,False
347,20,Female,Undergraduate,USA,7.0,TikTok,Yes,5.3,5,In Relationship,4,9,0,0,2,1,7.0,-1.7000000000000002,False,False,True,True,False,False
348,22,Male,Graduate,Mexico,5.8,WhatsApp,Yes,6.4,6,Single,3,7,0,1,0,2,5.8,0.6000000000000005,False,True,False,True,False,False
349,19,Female,Undergraduate,France,4.3,Instagram,No,7.7,7,In Relationship,2,5,1,0,2,1,0.0,3.4000000000000004,False,True,False,False,True,False
350,21,Male,Graduate,Canada,5.1,Instagram,Yes,7.1,6,Single,3,7,1,1,0,2,5.1,2.0,False,True,False,True,False,False
351,20,Female,Undergraduate,Spain,4.9,TikTok,Yes,7.0,6,Single,3,7,1,0,2,2,4.9,2.0999999999999996,False,True,False,True,False,False
352,22,Male,Graduate,Denmark,3.7,Facebook,No,8.1,8,In Relationship,2,4,1,1,0,1,0.0,4.3999999999999995,True,False,False,False,True,False
353,19,Female,Undergraduate,Ireland,4.6,Instagram,Yes,7.3,7,Single,3,6,1,0,2,2,4.6,2.7,False,True,False,False,True,False
354,21,Male,Graduate,India,6.1,WhatsApp,Yes,6.2,5,In Relationship,4,8,0,1,0,1,6.1,0.10000000000000053,False,False,True,True,False,False
355,20,Female,Undergraduate,Switzerland,3.6,Instagram,No,8.2,8,Single,2,4,1,0,2,2,0.0,4.6,True,False,False,False,True,False
356,22,Male,Graduate,Turkey,5.2,TikTok,Yes,7.0,6,Single,3,7,1,1,0,2,5.2,1.7999999999999998,False,True,False,True,False,False
357,19,Female,Undergraduate,USA,7.1,Instagram,Yes,5.2,5,In Relationship,4,9,0,0,2,1,7.1,-1.8999999999999995,False,False,True,True,False,False
358,21,Male,Graduate,Mexico,5.9,WhatsApp,Yes,6.3,6,Single,3,7,0,1,0,2,5.9,0.39999999999999947,False,True,False,True,False,False
359,20,Female,Undergraduate,France,4.2,Instagram,No,7.8,7,In Relationship,2,5,1,0,2,1,0.0,3.5999999999999996,False,True,False,False,True,False
360,22,Male,Graduate,Canada,5.0,TikTok,Yes,7.2,6,Single,3,7,1,1,0,2,5.0,2.2,False,True,False,True,False,False
361,19,Female,Undergraduate,Spain,4.8,Instagram,Yes,7.1,6,Single,3,7,1,0,2,2,4.8,2.3,False,True,False,True,False,False
362,21,Male,Graduate,Denmark,3.6,Facebook,No,8.2,8,In Relationship,2,4,1,1,0,1,0.0,4.6,True,False,False,False,True,False
363,20,Female,Undergraduate,Ireland,4.5,TikTok,Yes,7.4,7,Single,3,6,1,0,2,2,4.5,2.9000000000000004,False,True,False,False,True,False
364,22,Male,Graduate,India,6.2,WhatsApp,Yes,6.1,5,In Relationship,4,8,0,1,0,1,6.2,-0.10000000000000053,False,False,True,True,False,False
365,19,Female,Undergraduate,Switzerland,3.5,Instagram,No,8.3,8,Single,2,4,1,0,2,2,0.0,4.800000000000001,True,False,False,False,True,False
366,21,Male,Graduate,Turkey,5.1,Instagram,Yes,7.1,6,Single,3,7,1,1,0,2,5.1,2.0,False,True,False,True,False,False
367,20,Female,Undergraduate,USA,7.2,TikTok,Yes,5.1,5,In Relationship,4,9,0,0,2,1,7.2,-2.1000000000000005,False,False,True,True,False,False
368,22,Male,Graduate,Mexico,6.0,WhatsApp,Yes,6.2,6,Single,3,7,0,1,0,2,6.0,0.20000000000000018,False,True,False,True,False,False
369,19,Female,Undergraduate,France,4.1,Instagram,No,7.9,7,In Relationship,2,5,1,0,2,1,0.0,3.8000000000000007,False,True,False,False,True,False
370,21,Male,Graduate,Canada,4.9,Instagram,Yes,7.3,6,Single,3,7,1,1,0,2,4.9,2.3999999999999995,False,True,False,True,False,False
371,20,Female,Undergraduate,Spain,4.7,TikTok,Yes,7.2,6,Single,3,7,1,0,2,2,4.7,2.5,False,True,False,True,False,False
372,22,Male,Graduate,Denmark,3.5,Facebook,No,8.3,8,In Relationship,2,4,1,1,0,1,0.0,4.800000000000001,True,False,False,False,True,False
373,19,Female,Undergraduate,Ireland,4.4,Instagram,Yes,7.5,7,Single,3,6,1,0,2,2,4.4,3.0999999999999996,False,True,False,False,True,False
374,21,Male,Graduate,India,6.3,WhatsApp,Yes,6.0,5,In Relationship,4,8,0,1,0,1,6.3,-0.2999999999999998,False,False,True,True,False,False
375,20,Female,Undergraduate,Switzerland,3.4,Instagram,No,8.4,8,Single,2,4,1,0,2,2,0.0,5.0,True,False,False,False,True,False
376,22,Male,Graduate,Turkey,5.0,TikTok,Yes,7.2,6,Single,3,7,1,1,0,2,5.0,2.2,False,True,False,True,False,False
377,19,Female,Undergraduate,USA,7.3,Instagram,Yes,5.0,5,In Relationship,4,9,0,0,2,1,7.3,-2.3,False,False,True,True,False,False
378,21,Male,Graduate,Mexico,6.1,WhatsApp,Yes,6.1,6,Single,3,7,0,1,0,2,6.1,0.0,False,False,True,True,False,False
379,20,Female,Undergraduate,France,4.0,Instagram,No,8.0,7,In Relationship,2,5,1,0,2,1,0.0,4.0,True,False,False,False,True,False
380,22,Male,Graduate,Canada,4.8,TikTok,Yes,7.4,6,Single,3,7,1,1,0,2,4.8,2.6000000000000005,False,True,False,True,False,False
381,19,Female,Undergraduate,Spain,4.6,Instagram,Yes,7.3,6,Single,3,7,1,0,2,2,4.6,2.7,False,True,False,True,False,False
382,21,Male,Graduate,Denmark,3.4,Facebook,No,8.4,8,In Relationship,2,4,1,1,0,1,0.0,5.0,True,False,False,False,True,False
383,20,Female,Undergraduate,Ireland,4.3,TikTok,Yes,7.6,7,Single,3,6,1,0,2,2,4.3,3.3,False,True,False,False,True,False
384,22,Male,Graduate,India,6.4,WhatsApp,Yes,5.9,5,In Relationship,4,8,0,1,0,1,6.4,-0.5,False,False,True,True,False,False
385,19,Female,Undergraduate,Switzerland,3.3,Instagram,No,8.5,8,Single,2,4,1,0,2,2,0.0,5.2,True,False,False,False,True,False
386,21,Male,Graduate,Turkey,4.9,Instagram,Yes,7.3,6,Single,3,7,1,1,0,2,4.9,2.3999999999999995,False,True,False,True,False,False
387,20,Female,Undergraduate,USA,7.4,TikTok,Yes,4.9,5,In Relationship,4,9,0,0,2,1,7.4,-2.5,False,False,True,True,False,False
388,22,Male,Graduate,Mexico,6.2,WhatsApp,Yes,6.0,6,Single,3,7,0,1,0,2,6.2,-0.20000000000000018,False,False,True,True,False,False
389,19,Female,Undergraduate,France,3.9,Instagram,No,8.1,7,In Relationship,2,5,1,0,2,1,0.0,4.199999999999999,True,False,False,False,True,False
390,21,Male,Graduate,Canada,4.7,Instagram,Yes,7.5,6,Single,3,7,1,1,0,2,4.7,2.8,False,True,False,True,False,False
391,20,Female,Undergraduate,Spain,4.5,TikTok,Yes,7.4,6,Single,3,7,1,0,2,2,4.5,2.9000000000000004,False,True,False,True,False,False
392,22,Male,Graduate,Denmark,3.3,Facebook,No,8.5,8,In Relationship,2,4,1,1,0,1,0.0,5.2,True,False,False,False,True,False
393,19,Female,Undergraduate,Ireland,4.2,Instagram,Yes,7.7,7,Single,3,6,1,0,2,2,4.2,3.5,False,True,False,False,True,False
394,21,Male,Graduate,India,6.5,WhatsApp,Yes,5.8,5,In Relationship,4,8,0,1,0,1,6.5,-0.7000000000000002,False,False,True,True,False,False
395,20,Female,Undergraduate,Switzerland,3.2,Instagram,No,8.6,8,Single,2,4,1,0,2,2,0.0,5.3999999999999995,True,False,False,False,True,False
396,22,Male,Graduate,Turkey,4.8,TikTok,Yes,7.4,6,Single,3,7,1,1,0,2,4.8,2.6000000000000005,False,True,False,True,False,False
397,19,Female,Undergraduate,USA,7.5,Instagram,Yes,4.8,5,In Relationship,4,9,0,0,2,1,7.5,-2.7,False,False,True,True,False,False
398,21,Male,Graduate,Mexico,6.3,WhatsApp,Yes,5.9,6,Single,3,7,0,1,0,2,6.3,-0.39999999999999947,False,False,True,True,False,False
399,20,Female,Undergraduate,France,3.8,Instagram,No,8.2,7,In Relationship,2,5,1,0,2,1,0.0,4.3999999999999995,True,False,False,False,True,False
400,22,Male,Graduate,Canada,4.6,TikTok,Yes,7.6,6,Single,3,7,1,1,0,2,4.6,3.0,False,True,False,True,False,False
401,19,Female,Undergraduate,Spain,4.4,Instagram,Yes,7.5,6,Single,3,7,1,0,2,2,4.4,3.0999999999999996,False,True,False,True,False,False
402,21,Male,Graduate,Denmark,3.2,Facebook,No,8.6,8,In Relationship,2,4,1,1,0,1,0.0,5.3999999999999995,True,False,False,False,True,False
403,20,Female,Undergraduate,Ireland,4.1,TikTok,Yes,7.8,7,Single,3,6,1,0,2,2,4.1,3.7,False,True,False,False,True,False
404,22,Male,Graduate,India,6.6,WhatsApp,Yes,5.7,5,In Relationship,4,8,0,1,0,1,6.6,-0.8999999999999995,False,False,True,True,False,False
405,19,Female,Undergraduate,Switzerland,3.1,Instagram,No,8.7,8,Single,2,4,1,0,2,2,0.0,5.6,True,False,False,False,True,False
406,21,Male,Graduate,Turkey,4.7,Instagram,Yes,7.5,6,Single,3,7,1,1,0,2,4.7,2.8,False,True,False,True,False,False
407,20,Female,Undergraduate,USA,7.6,TikTok,Yes,4.7,5,In Relationship,4,9,0,0,2,1,7.6,-2.8999999999999995,False,False,True,True,False,False
408,22,Male,Graduate,Mexico,6.4,WhatsApp,Yes,5.8,6,Single,3,7,0,1,0,2,6.4,-0.6000000000000005,False,False,True,True,False,False
409,19,Female,Undergraduate,France,3.7,Instagram,No,8.3,7,In Relationship,2,5,1,0,2,1,0.0,4.6000000000000005,True,False,False,False,True,False
410,21,Male,Graduate,Canada,4.5,Instagram,Yes,7.7,6,Single,3,7,1,1,0,2,4.5,3.2,False,True,False,True,False,False
411,20,Female,Undergraduate,Spain,4.3,TikTok,Yes,7.6,6,Single,3,7,1,0,2,2,4.3,3.3,False,True,False,True,False,False
412,22,Male,Graduate,Denmark,3.1,Facebook,No,8.7,8,In Relationship,2,4,1,1,0,1,0.0,5.6,True,False,False,False,True,False
413,19,Female,Undergraduate,Ireland,4.0,Instagram,Yes,7.9,7,Single,3,6,1,0,2,2,4.0,3.9000000000000004,True,False,False,False,True,False
414,21,Male,Graduate,India,6.7,WhatsApp,Yes,5.6,5,In Relationship,4,8,0,1,0,1,6.7,-1.1000000000000005,False,False,True,True,False,False
415,20,Female,Undergraduate,Switzerland,3.0,Instagram,No,8.8,8,Single,2,4,1,0,2,2,0.0,5.800000000000001,True,False,False,False,True,False
416,22,Male,Graduate,Turkey,4.6,TikTok,Yes,7.6,6,Single,3,7,1,1,0,2,4.6,3.0,False,True,False,True,False,False
417,19,Female,Undergraduate,USA,7.7,Instagram,Yes,4.6,5,In Relationship,4,9,0,0,2,1,7.7,-3.1000000000000005,False,False,True,True,False,False
418,21,Male,Graduate,Mexico,6.5,WhatsApp,Yes,5.7,6,Single,3,7,0,1,0,2,6.5,-0.7999999999999998,False,False,True,True,False,False
419,20,Female,Undergraduate,France,3.6,Instagram,No,8.4,7,In Relationship,2,5,1,0,2,1,0.0,4.800000000000001,True,False,False,False,True,False
420,22,Male,Graduate,Canada,4.4,TikTok,Yes,7.8,6,Single,3,7,1,1,0,2,4.4,3.3999999999999995,False,True,False,True,False,False
421,19,Female,Undergraduate,Spain,4.2,Instagram,Yes,7.7,6,Single,3,7,1,0,2,2,4.2,3.5,False,True,False,True,False,False
422,21,Male,Graduate,Denmark,3.0,Facebook,No,8.8,8,In Relationship,2,4,1,1,0,1,0.0,5.800000000000001,True,False,False,False,True,False
423,20,Female,Undergraduate,Ireland,3.9,TikTok,Yes,8.0,7,Single,3,6,1,0,2,2,3.9,4.1,True,False,False,False,True,False
424,22,Male,Graduate,India,6.8,WhatsApp,Yes,5.5,5,In Relationship,4,8,0,1,0,1,6.8,-1.2999999999999998,False,False,True,True,False,False
425,19,Female,Undergraduate,Switzerland,2.9,Instagram,No,8.9,8,Single,2,4,1,0,2,2,0.0,6.0,True,False,False,False,True,False
426,21,Male,Graduate,Turkey,4.5,Instagram,Yes,7.7,6,Single,3,7,1,1,0,2,4.5,3.2,False,True,False,True,False,False
427,20,Female,Undergraduate,USA,7.8,TikTok,Yes,4.5,5,In Relationship,4,9,0,0,2,1,7.8,-3.3,False,False,True,True,False,False
428,22,Male,Graduate,Mexico,6.6,WhatsApp,Yes,5.6,6,Single,3,7,0,1,0,2,6.6,-1.0,False,False,True,True,False,False
429,19,Female,Undergraduate,France,3.5,Instagram,No,8.5,7,In Relationship,2,5,1,0,2,1,0.0,5.0,True,False,False,False,True,False
430,21,Male,Graduate,Canada,4.3,Instagram,Yes,7.9,6,Single,3,7,1,1,0,2,4.3,3.6000000000000005,False,True,False,True,False,False
431,20,Female,Undergraduate,Spain,4.1,TikTok,Yes,7.8,6,Single,3,7,1,0,2,2,4.1,3.7,False,True,False,True,False,False
432,22,Male,Graduate,Denmark,2.9,Facebook,No,8.9,8,In Relationship,2,4,1,1,0,1,0.0,6.0,True,False,False,False,True,False
433,19,Female,Undergraduate,Ireland,3.8,Instagram,Yes,8.1,7,Single,3,6,1,0,2,2,3.8,4.3,True,False,False,False,True,False
434,21,Male,Graduate,India,6.9,WhatsApp,Yes,5.4,5,In Relationship,4,8,0,1,0,1,6.9,-1.5,False,False,True,True,False,False
435,20,Female,Undergraduate,Switzerland,2.8,Instagram,No,9.0,8,Single,2,4,1,0,2,2,0.0,6.2,True,False,False,False,True,False
436,22,Male,Graduate,Turkey,4.4,TikTok,Yes,7.8,6,Single,3,7,1,1,0,2,4.4,3.3999999999999995,False,True,False,True,False,False
437,19,Female,Undergraduate,USA,7.9,Instagram,Yes,4.4,5,In Relationship,4,9,0,0,2,1,7.9,-3.5,False,False,True,True,False,False
438,21,Male,Graduate,Mexico,6.7,WhatsApp,Yes,5.5,6,Single,3,7,0,1,0,2,6.7,-1.2000000000000002,False,False,True,True,False,False
439,20,Female,Undergraduate,France,3.4,Instagram,No,8.6,7,In Relationship,2,5,1,0,2,1,0.0,5.199999999999999,True,False,False,False,True,False
440,22,Male,Graduate,Canada,4.2,TikTok,Yes,8.0,6,Single,3,7,1,1,0,2,4.2,3.8,False,True,False,True,False,False
441,19,Female,Undergraduate,Spain,4.0,Instagram,Yes,7.9,6,Single,3,7,1,0,2,2,4.0,3.9000000000000004,True,False,False,True,False,False
442,21,Male,Graduate,Denmark,2.8,Facebook,No,9.0,8,In Relationship,2,4,1,1,0,1,0.0,6.2,True,False,False,False,True,False
443,20,Female,Undergraduate,Ireland,3.7,TikTok,Yes,8.2,7,Single,3,6,1,0,2,2,3.7,4.499999999999999,True,False,False,False,True,False
444,22,Male,Graduate,India,7.0,WhatsApp,Yes,5.3,5,In Relationship,4,8,0,1,0,1,7.0,-1.7000000000000002,False,False,True,True,False,False
445,19,Female,Undergraduate,Switzerland,2.7,Instagram,No,9.1,8,Single,2,4,0,0,2,2,0.0,6.3999999999999995,True,False,False,False,True,False
446,21,Male,Graduate,Turkey,4.3,Instagram,Yes,7.9,6,Single,3,7,1,1,0,2,4.3,3.6000000000000005,False,True,False,True,False,False
447,20,Female,Undergraduate,USA,8.0,TikTok,Yes,4.3,5,In Relationship,4,9,0,0,2,1,8.0,-3.7,False,False,True,True,False,False
448,22,Male,Graduate,Mexico,6.8,WhatsApp,Yes,5.4,6,Single,3,7,0,1,0,2,6.8,-1.3999999999999995,False,False,True,True,False,False
449,19,Female,Undergraduate,France,3.3,Instagram,No,8.7,7,In Relationship,2,5,1,0,2,1,0.0,5.3999999999999995,True,False,False,False,True,False
450,21,Male,Graduate,Canada,4.1,Instagram,Yes,8.1,6,Single,3,7,1,1,0,2,4.1,4.0,False,True,False,True,False,False
451,20,Female,Undergraduate,Spain,3.9,TikTok,Yes,8.0,6,Single,3,7,1,0,2,2,3.9,4.1,True,False,False,True,False,False
452,22,Male,Graduate,Denmark,2.7,Facebook,No,9.1,8,In Relationship,2,4,0,1,0,1,0.0,6.3999999999999995,True,False,False,False,True,False
453,19,Female,Undergraduate,Ireland,3.6,Instagram,Yes,8.3,7,Single,3,6,1,0,2,2,3.6,4.700000000000001,True,False,False,False,True,False
454,21,Male,Graduate,India,7.1,WhatsApp,Yes,5.2,5,In Relationship,4,8,0,1,0,1,7.1,-1.8999999999999995,False,False,True,True,False,False
455,20,Female,Undergraduate,Switzerland,2.6,Instagram,No,9.2,8,Single,2,4,0,0,2,2,0.0,6.6,True,False,False,False,True,False
456,22,Male,Graduate,Turkey,4.2,TikTok,Yes,8.0,6,Single,3,7,1,1,0,2,4.2,3.8,False,True,False,True,False,False
457,19,Female,Undergraduate,USA,8.1,Instagram,Yes,4.2,5,In Relationship,4,9,0,0,2,1,8.1,-3.8999999999999995,False,False,True,True,False,False
458,21,Male,Graduate,Mexico,6.9,WhatsApp,Yes,5.3,6,Single,3,7,0,1,0,2,6.9,-1.6000000000000005,False,False,True,True,False,False
459,20,Female,Undergraduate,France,3.2,Instagram,No,8.8,7,In Relationship,2,5,1,0,2,1,0.0,5.6000000000000005,True,False,False,False,True,False
460,22,Male,Graduate,Canada,4.0,TikTok,Yes,8.2,6,Single,3,7,1,1,0,2,4.0,4.199999999999999,True,False,False,True,False,False
461,19,Female,Undergraduate,Spain,3.8,Instagram,Yes,8.1,6,Single,3,7,1,0,2,2,3.8,4.3,True,False,False,True,False,False
462,21,Male,Graduate,Denmark,2.6,Facebook,No,9.2,8,In Relationship,2,4,0,1,0,1,0.0,6.6,True,False,False,False,True,False
463,20,Female,Undergraduate,Ireland,3.5,TikTok,Yes,8.4,7,Single,3,6,1,0,2,2,3.5,4.9,True,False,False,False,True,False
464,22,Male,Graduate,India,7.2,WhatsApp,Yes,5.1,5,In Relationship,4,8,0,1,0,1,7.2,-2.1000000000000005,False,False,True,True,False,False
465,19,Female,Undergraduate,Switzerland,2.5,Instagram,No,9.3,8,Single,2,4,0,0,2,2,0.0,6.800000000000001,True,False,False,False,True,False
466,21,Male,Graduate,Turkey,4.1,Instagram,Yes,8.1,6,Single,3,7,1,1,0,2,4.1,4.0,False,True,False,True,False,False
467,20,Female,Undergraduate,USA,8.2,TikTok,Yes,4.1,5,In Relationship,4,9,0,0,2,1,8.2,-4.1,False,False,True,True,False,False
468,22,Male,Graduate,Mexico,7.0,WhatsApp,Yes,5.2,6,Single,3,7,0,1,0,2,7.0,-1.7999999999999998,False,False,True,True,False,False
469,19,Female,Undergraduate,France,3.1,Instagram,No,8.9,7,In Relationship,2,5,1,0,2,1,0.0,5.800000000000001,True,False,False,False,True,False
470,21,Male,Graduate,Canada,3.9,Instagram,Yes,8.3,6,Single,3,7,1,1,0,2,3.9,4.4,True,False,False,True,False,False
471,20,Female,Undergraduate,Spain,3.7,TikTok,Yes,8.2,6,Single,3,7,1,0,2,2,3.7,4.499999999999999,True,False,False,True,False,False
472,22,Male,Graduate,Denmark,2.5,Facebook,No,9.3,8,In Relationship,2,4,0,1,0,1,0.0,6.800000000000001,True,False,False,False,True,False
473,19,Female,Undergraduate,Ireland,3.4,Instagram,Yes,8.5,7,Single,3,6,1,0,2,2,3.4,5.1,True,False,False,False,True,False
474,21,Male,Graduate,India,7.3,WhatsApp,Yes,5.0,5,In Relationship,4,8,0,1,0,1,7.3,-2.3,False,False,True,True,False,False
475,20,Female,Undergraduate,Switzerland,2.4,Instagram,No,9.4,8,Single,2,4,0,0,2,2,0.0,7.0,True,False,False,False,True,False
476,22,Male,Graduate,Turkey,4.0,TikTok,Yes,8.2,6,Single,3,7,1,1,0,2,4.0,4.199999999999999,True,False,False,True,False,False
477,19,Female,Undergraduate,USA,8.3,Instagram,Yes,4.0,5,In Relationship,4,9,0,0,2,1,8.3,-4.300000000000001,False,False,True,True,False,False
478,21,Male,Graduate,Mexico,7.1,WhatsApp,Yes,5.1,6,Single,3,7,0,1,0,2,7.1,-2.0,False,False,True,True,False,False
479,20,Female,Undergraduate,France,3.0,Instagram,No,9.0,7,In Relationship,2,5,1,0,2,1,0.0,6.0,True,False,False,False,True,False
480,22,Male,Graduate,Canada,3.8,TikTok,Yes,8.4,6,Single,3,7,1,1,0,2,3.8,4.6000000000000005,True,False,False,True,False,False
481,19,Female,Undergraduate,Spain,3.6,Instagram,Yes,8.3,6,Single,3,7,1,0,2,2,3.6,4.700000000000001,True,False,False,True,False,False
482,21,Male,Graduate,Denmark,2.4,Facebook,No,9.4,8,In Relationship,2,4,0,1,0,1,0.0,7.0,True,False,False,False,True,False
483,20,Female,Undergraduate,Ireland,3.3,TikTok,Yes,8.6,7,Single,3,6,1,0,2,2,3.3,5.3,True,False,False,False,True,False
484,22,Male,Graduate,India,7.4,WhatsApp,Yes,4.9,5,In Relationship,4,8,0,1,0,1,7.4,-2.5,False,False,True,True,False,False
485,19,Female,Undergraduate,Switzerland,2.3,Instagram,No,9.5,8,Single,2,4,0,0,2,2,0.0,7.2,True,False,False,False,True,False
486,21,Male,Graduate,Turkey,3.9,Instagram,Yes,8.3,6,Single,3,7,1,1,0,2,3.9,4.4,True,False,False,True,False,False
487,20,Female,Undergraduate,USA,8.4,TikTok,Yes,3.9,5,In Relationship,4,9,0,0,2,1,8.4,-4.5,False,False,True,True,False,False
488,22,Male,Graduate,Mexico,7.2,WhatsApp,Yes,5.0,6,Single,3,7,0,1,0,2,7.2,-2.2,False,False,True,True,False,False
489,19,Female,Undergraduate,France,2.9,Instagram,No,9.1,7,In Relationship,2,5,0,0,2,1,0.0,6.199999999999999,True,False,False,False,True,False
490,21,Male,Graduate,Canada,3.7,Instagram,Yes,8.5,6,Single,3,7,1,1,0,2,3.7,4.8,True,False,False,True,False,False
491,20,Female,Undergraduate,Spain,3.5,TikTok,Yes,8.4,6,Single,3,7,1,0,2,2,3.5,4.9,True,False,False,True,False,False
492,22,Male,Graduate,Denmark,2.3,Facebook,No,9.5,8,In Relationship,2,4,0,1,0,1,0.0,7.2,True,False,False,False,True,False
493,19,Female,Undergraduate,Ireland,3.2,Instagram,Yes,8.7,7,Single,3,6,1,0,2,2,3.2,5.499999999999999,True,False,False,False,True,False
494,21,Male,Graduate,India,7.5,WhatsApp,Yes,4.8,5,In Relationship,4,8,0,1,0,1,7.5,-2.7,False,False,True,True,False,False
495,20,Female,Undergraduate,Switzerland,2.2,Instagram,No,9.6,8,Single,2,4,0,0,2,2,0.0,7.3999999999999995,True,False,False,False,True,False
496,22,Male,Graduate,Turkey,3.8,TikTok,Yes,8.4,6,Single,3,7,1,1,0,2,3.8,4.6000000000000005,True,False,False,True,False,False
497,19,Female,Undergraduate,USA,8.5,Instagram,Yes,3.8,5,In Relationship,4,9,0,0,2,1,8.5,-4.7,False,False,True,True,False,False
498,21,Male,Graduate,Mexico,7.3,WhatsApp,Yes,4.9,6,Single,3,7,0,1,0,2,7.3,-2.3999999999999995,False,False,True,True,False,False
499,20,Female,Undergraduate,France,2.8,Instagram,No,9.2,7,In Relationship,2,5,0,0,2,1,0.0,6.3999999999999995,True,False,False,False,True,False
500,22,Male,Graduate,Canada,3.6,TikTok,Yes,8.6,6,Single,3,7,1,1,0,2,3.6,5.0,True,False,False,True,False,False
501,19,Female,Undergraduate,Brazil,6.2,WhatsApp,Yes,6.3,6,Single,3,7,0,0,2,2,6.2,0.09999999999999964,False,False,True,True,False,False
502,21,Male,Graduate,China,4.5,WeChat,No,7.8,7,In Relationship,2,5,1,1,0,1,0.0,3.3,False,True,False,False,True,False
503,20,Female,Undergraduate,Netherlands,3.8,Instagram,No,8.2,8,Single,2,4,1,0,2,2,0.0,4.3999999999999995,True,False,False,False,True,False
504,22,Male,Graduate,New Zealand,4.7,Instagram,Yes,7.5,7,In Relationship,3,6,1,1,0,1,4.7,2.8,False,True,False,False,True,False
505,19,Female,Undergraduate,Singapore,5.1,TikTok,Yes,7.0,6,Single,3,7,1,0,2,2,5.1,1.9000000000000004,False,True,False,True,False,False
506,21,Male,Graduate,Malaysia,5.5,WhatsApp,Yes,6.8,6,Single,3,7,0,1,0,2,5.5,1.2999999999999998,False,True,False,True,False,False
507,20,Female,Undergraduate,UAE,6.5,Instagram,Yes,6.5,5,In Relationship,4,8,0,0,2,1,6.5,0.0,False,False,True,True,False,False
508,22,Male,Graduate,Poland,4.2,Facebook,No,7.9,7,Single,2,5,1,1,0,2,0.0,3.7,False,True,False,False,True,False
509,19,Female,Undergraduate,India,6.8,WhatsApp,Yes,6.0,5,In Relationship,4,8,0,0,2,1,6.8,-0.7999999999999998,False,False,True,True,False,False
510,21,Male,Graduate,Canada,4.8,Instagram,Yes,7.4,7,Single,3,6,1,1,0,2,4.8,2.6000000000000005,False,True,False,False,True,False
511,20,Female,Undergraduate,Brazil,6.1,Instagram,Yes,6.4,6,Single,3,7,0,0,2,2,6.1,0.3000000000000007,False,False,True,True,False,False
512,22,Male,Graduate,China,4.4,WeChat,No,7.9,7,In Relationship,2,5,1,1,0,1,0.0,3.5,False,True,False,False,True,False
513,19,Female,Undergraduate,Netherlands,3.7,TikTok,No,8.3,8,Single,2,4,1,0,2,2,0.0,4.6000000000000005,True,False,False,False,True,False
514,21,Male,Graduate,New Zealand,4.6,Instagram,Yes,7.6,7,In Relationship,3,6,1,1,0,1,4.6,3.0,False,True,False,False,True,False
515,20,Female,Undergraduate,Singapore,5.2,TikTok,Yes,6.9,6,Single,3,7,0,0,2,2,5.2,1.7000000000000002,False,True,False,True,False,False
516,22,Male,Graduate,Malaysia,5.6,WhatsApp,Yes,6.7,6,Single,3,7,0,1,0,2,5.6,1.1000000000000005,False,True,False,True,False,False
517,19,Female,Undergraduate,UAE,6.6,Instagram,Yes,6.4,5,In Relationship,4,8,0,0,2,1,6.6,-0.1999999999999993,False,False,True,True,False,False
518,21,Male,Graduate,Poland,4.1,Facebook,No,8.0,7,Single,2,5,1,1,0,2,0.0,3.9000000000000004,False,True,False,False,True,False
519,20,Female,Undergraduate,India,6.9,WhatsApp,Yes,5.9,5,In Relationship,4,8,0,0,2,1,6.9,-1.0,False,False,True,True,False,False
520,22,Male,Graduate,Canada,4.7,TikTok,Yes,7.5,7,Single,3,6,1,1,0,2,4.7,2.8,False,True,False,False,True,False
521,19,Female,Undergraduate,Brazil,6.0,WhatsApp,Yes,6.5,6,Single,3,7,0,0,2,2,6.0,0.5,False,True,False,True,False,False
522,21,Male,Graduate,China,4.3,WeChat,No,8.0,7,In Relationship,2,5,1,1,0,1,0.0,3.7,False,True,False,False,True,False
523,20,Female,Undergraduate,Netherlands,3.6,Instagram,No,8.4,8,Single,2,4,1,0,2,2,0.0,4.800000000000001,True,False,False,False,True,False
524,22,Male,Graduate,New Zealand,4.5,Facebook,Yes,7.7,7,In Relationship,3,6,1,1,0,1,4.5,3.2,False,True,False,False,True,False
525,19,Female,Undergraduate,Singapore,5.3,TikTok,Yes,6.8,6,Single,3,7,0,0,2,2,5.3,1.5,False,True,False,True,False,False
526,21,Male,Graduate,Malaysia,5.7,WhatsApp,Yes,6.6,6,Single,3,7,0,1,0,2,5.7,0.8999999999999995,False,True,False,True,False,False
527,20,Female,Undergraduate,UAE,6.7,Instagram,Yes,6.3,5,In Relationship,4,8,0,0,2,1,6.7,-0.40000000000000036,False,False,True,True,False,False
528,22,Male,Graduate,Poland,4.0,Facebook,No,8.1,7,Single,2,5,1,1,0,2,0.0,4.1,True,False,False,False,True,False
529,19,Female,Undergraduate,India,7.0,WhatsApp,Yes,5.8,5,In Relationship,4,8,0,0,2,1,7.0,-1.2000000000000002,False,False,True,True,False,False
530,21,Male,Graduate,Canada,4.6,Instagram,Yes,7.6,7,Single,3,6,1,1,0,2,4.6,3.0,False,True,False,False,True,False
531,20,Female,Undergraduate,Brazil,5.9,TikTok,Yes,6.6,6,Single,3,7,0,0,2,2,5.9,0.6999999999999993,False,True,False,True,False,False
532,22,Male,Graduate,China,4.2,WeChat,No,8.1,7,In Relationship,2,5,1,1,0,1,0.0,3.8999999999999995,False,True,False,False,True,False
533,19,Female,Undergraduate,Netherlands,3.5,Instagram,No,8.5,8,Single,2,4,1,0,2,2,0.0,5.0,True,False,False,False,True,False
534,21,Male,Graduate,New Zealand,4.4,Facebook,Yes,7.8,7,In Relationship,3,6,1,1,0,1,4.4,3.3999999999999995,False,True,False,False,True,False
535,20,Female,Undergraduate,Singapore,5.4,TikTok,Yes,6.7,6,Single,3,7,0,0,2,2,5.4,1.2999999999999998,False,True,False,True,False,False
536,22,Male,Graduate,Malaysia,5.8,WhatsApp,Yes,6.5,6,Single,3,7,0,1,0,2,5.8,0.7000000000000002,False,True,False,True,False,False
537,19,Female,Undergraduate,UAE,6.8,Instagram,Yes,6.2,5,In Relationship,4,8,0,0,2,1,6.8,-0.5999999999999996,False,False,True,True,False,False
538,21,Male,Graduate,Poland,3.9,Facebook,No,8.2,7,Single,2,5,1,1,0,2,0.0,4.299999999999999,True,False,False,False,True,False
539,20,Female,Undergraduate,India,7.1,WhatsApp,Yes,5.7,5,In Relationship,4,8,0,0,2,1,7.1,-1.3999999999999995,False,False,True,True,False,False
540,22,Male,Graduate,Canada,4.5,TikTok,Yes,7.7,7,Single,3,6,1,1,0,2,4.5,3.2,False,True,False,False,True,False
541,19,Female,Undergraduate,Brazil,5.8,WhatsApp,Yes,6.7,6,Single,3,7,0,0,2,2,5.8,0.9000000000000004,False,True,False,True,False,False
542,21,Male,Graduate,China,4.1,WeChat,No,8.2,7,In Relationship,2,5,1,1,0,1,0.0,4.1,False,True,False,False,True,False
543,20,Female,Undergraduate,Netherlands,3.4,Instagram,No,8.6,8,Single,2,4,1,0,2,2,0.0,5.199999999999999,True,False,False,False,True,False
544,22,Male,Graduate,New Zealand,4.3,Instagram,Yes,7.9,7,In Relationship,3,6,1,1,0,1,4.3,3.6000000000000005,False,True,False,False,True,False
545,19,Female,Undergraduate,Singapore,5.5,TikTok,Yes,6.6,6,Single,3,7,0,0,2,2,5.5,1.0999999999999996,False,True,False,True,False,False
546,21,Male,Graduate,Malaysia,5.9,WhatsApp,Yes,6.4,6,Single,3,7,0,1,0,2,5.9,0.5,False,True,False,True,False,False
547,20,Female,Undergraduate,UAE,6.9,Instagram,Yes,6.1,5,In Relationship,4,8,0,0,2,1,6.9,-0.8000000000000007,False,False,True,True,False,False
548,22,Male,Graduate,Poland,3.8,Facebook,No,8.3,7,Single,2,5,1,1,0,2,0.0,4.500000000000001,True,False,False,False,True,False
549,19,Female,Undergraduate,India,7.2,WhatsApp,Yes,5.6,5,In Relationship,4,8,0,0,2,1,7.2,-1.6000000000000005,False,False,True,True,False,False
550,21,Male,Graduate,Canada,4.4,Instagram,Yes,7.8,7,Single,3,6,1,1,0,2,4.4,3.3999999999999995,False,True,False,False,True,False
551,20,Female,Undergraduate,Brazil,5.7,TikTok,Yes,6.8,6,Single,3,7,0,0,2,2,5.7,1.0999999999999996,False,True,False,True,False,False
552,22,Male,Graduate,China,4.0,WeChat,No,8.3,7,In Relationship,2,5,1,1,0,1,0.0,4.300000000000001,True,False,False,False,True,False
553,19,Female,Undergraduate,Netherlands,3.3,Instagram,No,8.7,8,Single,2,4,1,0,2,2,0.0,5.3999999999999995,True,False,False,False,True,False
554,21,Male,Graduate,New Zealand,4.2,Facebook,Yes,8.0,7,In Relationship,3,6,1,1,0,1,4.2,3.8,False,True,False,False,True,False
555,20,Female,Undergraduate,Singapore,5.6,TikTok,Yes,6.5,6,Single,3,7,0,0,2,2,5.6,0.9000000000000004,False,True,False,True,False,False
556,22,Male,Graduate,Malaysia,6.0,WhatsApp,Yes,6.3,6,Single,3,7,0,1,0,2,6.0,0.2999999999999998,False,True,False,True,False,False
557,19,Female,Undergraduate,UAE,7.0,Instagram,Yes,6.0,5,In Relationship,4,8,0,0,2,1,7.0,-1.0,False,False,True,True,False,False
558,21,Male,Graduate,Poland,3.7,Facebook,No,8.4,7,Single,2,5,1,1,0,2,0.0,4.7,True,False,False,False,True,False
559,20,Female,Undergraduate,India,7.3,WhatsApp,Yes,5.5,5,In Relationship,4,8,0,0,2,1,7.3,-1.7999999999999998,False,False,True,True,False,False
560,22,Male,Graduate,Canada,4.3,TikTok,Yes,7.9,7,Single,3,6,1,1,0,2,4.3,3.6000000000000005,False,True,False,False,True,False
561,19,Female,Undergraduate,Brazil,5.6,WhatsApp,Yes,6.9,6,Single,3,7,0,0,2,2,5.6,1.3000000000000007,False,True,False,True,False,False
562,21,Male,Graduate,China,3.9,WeChat,No,8.4,7,In Relationship,2,5,1,1,0,1,0.0,4.5,True,False,False,False,True,False
563,20,Female,Undergraduate,Netherlands,3.2,Instagram,No,8.8,8,Single,2,4,1,0,2,2,0.0,5.6000000000000005,True,False,False,False,True,False
564,22,Male,Graduate,New Zealand,4.1,Instagram,Yes,8.1,7,In Relationship,3,6,1,1,0,1,4.1,4.0,False,True,False,False,True,False
565,19,Female,Undergraduate,Singapore,5.7,TikTok,Yes,6.4,6,Single,3,7,0,0,2,2,5.7,0.7000000000000002,False,True,False,True,False,False
566,21,Male,Graduate,Malaysia,6.1,WhatsApp,Yes,6.2,6,Single,3,7,0,1,0,2,6.1,0.10000000000000053,False,False,True,True,False,False
567,20,Female,Undergraduate,UAE,7.1,Instagram,Yes,5.9,5,In Relationship,4,8,0,0,2,1,7.1,-1.1999999999999993,False,False,True,True,False,False
568,22,Male,Graduate,Poland,3.6,Facebook,No,8.5,7,Single,2,5,1,1,0,2,0.0,4.9,True,False,False,False,True,False
569,19,Female,Undergraduate,India,7.4,WhatsApp,Yes,5.4,5,In Relationship,4,8,0,0,2,1,7.4,-2.0,False,False,True,True,False,False
570,21,Male,Graduate,Canada,4.2,Instagram,Yes,8.0,7,Single,3,6,1,1,0,2,4.2,3.8,False,True,False,False,True,False
571,20,Female,Undergraduate,Spain,6.1,Instagram,Yes,7.2,5,Single,4,7,1,0,2,2,6.1,1.1000000000000005,False,False,True,True,False,False
572,23,Male,Graduate,Denmark,3.8,Twitter,No,7.8,8,In Relationship,2,4,1,1,0,1,0.0,4.0,True,False,False,False,True,False
573,19,Female,Undergraduate,Ireland,5.5,TikTok,Yes,6.8,6,Single,4,8,0,0,2,2,5.5,1.2999999999999998,False,True,False,True,False,False
574,22,Male,Graduate,India,7.2,Facebook,Yes,5.9,4,Single,5,9,0,1,0,2,7.2,-1.2999999999999998,False,False,True,False,False,False
575,21,Female,Undergraduate,Switzerland,4.2,Instagram,No,7.5,7,In Relationship,2,5,1,0,2,1,0.0,3.3,False,True,False,False,True,False
576,24,Male,Graduate,Turkey,6.8,TikTok,Yes,6.2,5,Single,4,8,0,1,0,2,6.8,-0.5999999999999996,False,False,True,True,False,False
577,20,Female,Undergraduate,USA,5.9,Instagram,Yes,6.7,6,In Relationship,3,7,0,0,2,1,5.9,0.7999999999999998,False,True,False,True,False,False
578,22,Male,Graduate,Mexico,6.5,Facebook,Yes,6.1,5,Single,4,8,0,1,0,2,6.5,-0.40000000000000036,False,False,True,True,False,False
579,19,Female,Undergraduate,France,4.7,Twitter,No,7.4,7,Single,2,5,1,0,2,2,0.0,2.7,False,True,False,False,True,False
580,23,Male,Graduate,Canada,5.2,Instagram,Yes,7.0,6,In Relationship,3,6,1,1,0,1,5.2,1.7999999999999998,False,True,False,True,False,False
581,21,Female,Undergraduate,UK,6.3,TikTok,Yes,6.4,5,Single,4,8,0,0,2,2,6.3,0.10000000000000053,False,False,True,True,False,False
582,24,Male,Graduate,Italy,4.9,Facebook,No,7.3,7,In Relationship,2,5,1,1,0,1,0.0,2.3999999999999995,False,True,False,False,True,False
583,20,Female,Undergraduate,Russia,6.7,Instagram,Yes,6.0,5,Single,4,8,0,0,2,2,6.7,-0.7000000000000002,False,False,True,True,False,False
584,22,Male,Graduate,China,5.8,WeChat,Yes,6.5,6,In Relationship,3,7,0,1,0,1,5.8,0.7000000000000002,False,True,False,True,False,False
585,19,Female,Undergraduate,Japan,4.5,Twitter,No,7.6,8,Single,2,4,1,0,2,2,0.0,3.0999999999999996,False,True,False,False,True,False
586,23,Male,Graduate,Poland,6.4,Facebook,Yes,6.3,5,Single,4,8,0,1,0,2,6.4,-0.10000000000000053,False,False,True,True,False,False
587,21,Female,Undergraduate,Finland,4.1,Instagram,No,7.7,7,In Relationship,2,5,1,0,2,1,0.0,3.6000000000000005,False,True,False,False,True,False
588,24,Male,Graduate,Spain,6.6,TikTok,Yes,6.2,5,Single,4,8,0,1,0,2,6.6,-0.39999999999999947,False,False,True,True,False,False
589,20,Female,Undergraduate,Denmark,4.4,Instagram,No,7.4,7,In Relationship,2,5,1,0,2,1,0.0,3.0,False,True,False,False,True,False
590,22,Male,Graduate,Ireland,5.7,Twitter,Yes,6.8,6,Single,3,7,0,1,0,2,5.7,1.0999999999999996,False,True,False,True,False,False
591,19,Female,Undergraduate,India,7.0,Instagram,Yes,5.8,4,Single,5,9,0,0,2,2,7.0,-1.2000000000000002,False,False,True,False,False,False
592,23,Male,Graduate,Switzerland,4.3,Facebook,No,7.5,7,In Relationship,2,5,1,1,0,1,0.0,3.2,False,True,False,False,True,False
593,21,Female,Undergraduate,Turkey,6.9,TikTok,Yes,6.1,5,Single,4,8,0,0,2,2,6.9,-0.8000000000000007,False,False,True,True,False,False
594,24,Male,Graduate,USA,5.6,Instagram,Yes,6.9,6,In Relationship,3,7,0,1,0,1,5.6,1.3000000000000007,False,True,False,True,False,False
595,20,Female,Undergraduate,Mexico,6.2,Facebook,Yes,6.3,5,Single,4,8,0,0,2,2,6.2,0.09999999999999964,False,False,True,True,False,False
596,21,Male,Undergraduate,France,5.8,Instagram,Yes,6.7,6,Single,3,7,0,1,2,2,5.8,0.9000000000000004,False,True,False,True,False,False
597,23,Female,Graduate,Canada,4.9,TikTok,No,7.3,7,In Relationship,2,5,1,0,0,1,0.0,2.3999999999999995,False,True,False,False,True,False
598,20,Male,Undergraduate,UK,6.4,Facebook,Yes,6.2,5,Single,4,8,0,1,2,2,6.4,-0.20000000000000018,False,False,True,True,False,False
599,22,Female,Graduate,Italy,5.1,Twitter,No,7.1,7,In Relationship,2,5,1,0,0,1,0.0,2.0,False,True,False,False,True,False
600,19,Male,Undergraduate,Russia,6.7,Instagram,Yes,6.0,4,Single,4,8,0,1,2,2,6.7,-0.7000000000000002,False,False,True,False,False,False
601,24,Female,Graduate,China,5.5,WeChat,Yes,6.8,6,In Relationship,3,7,0,0,0,1,5.5,1.2999999999999998,False,True,False,True,False,False
602,21,Male,Undergraduate,Japan,4.3,Twitter,No,7.6,8,Single,2,4,1,1,2,2,0.0,3.3,False,True,False,False,True,False
603,23,Female,Graduate,Poland,6.2,Instagram,Yes,6.4,5,Single,4,8,0,0,0,2,6.2,0.20000000000000018,False,False,True,True,False,False
604,20,Male,Undergraduate,Finland,4.5,Facebook,No,7.4,7,In Relationship,2,5,1,1,2,1,0.0,2.9000000000000004,False,True,False,False,True,False
605,22,Female,Graduate,Spain,6.3,TikTok,Yes,6.3,5,Single,4,8,0,0,0,2,6.3,0.0,False,False,True,True,False,False
606,19,Male,Undergraduate,Denmark,4.7,Instagram,No,7.2,7,In Relationship,2,5,1,1,2,1,0.0,2.5,False,True,False,False,True,False
607,24,Female,Graduate,Ireland,5.9,Twitter,Yes,6.6,6,Single,3,7,0,0,0,2,5.9,0.6999999999999993,False,True,False,True,False,False
608,21,Male,Undergraduate,India,7.1,Facebook,Yes,5.7,4,Single,5,9,0,1,2,2,7.1,-1.3999999999999995,False,False,True,False,False,False
609,23,Female,Graduate,Switzerland,4.4,Instagram,No,7.4,7,In Relationship,2,5,1,0,0,1,0.0,3.0,False,True,False,False,True,False
610,20,Male,Undergraduate,Turkey,6.6,TikTok,Yes,6.2,5,Single,4,8,0,1,2,2,6.6,-0.39999999999999947,False,False,True,True,False,False
611,22,Female,Graduate,USA,5.4,Instagram,Yes,6.9,6,In Relationship,3,7,0,0,0,1,5.4,1.5,False,True,False,True,False,False
612,19,Male,Undergraduate,Mexico,6.5,Facebook,Yes,6.1,5,Single,4,8,0,1,2,2,6.5,-0.40000000000000036,False,False,True,True,False,False
613,24,Female,Graduate,France,4.8,Twitter,No,7.3,7,In Relationship,2,5,1,0,0,1,0.0,2.5,False,True,False,False,True,False
614,21,Male,Undergraduate,Canada,5.7,Instagram,Yes,6.7,6,Single,3,7,0,1,2,2,5.7,1.0,False,True,False,True,False,False
615,23,Female,Graduate,UK,6.1,TikTok,Yes,6.4,5,Single,4,8,0,0,0,2,6.1,0.3000000000000007,False,False,True,True,False,False
616,20,Male,Undergraduate,Italy,4.6,Facebook,No,7.2,7,In Relationship,2,5,1,1,2,1,0.0,2.6000000000000005,False,True,False,False,True,False
617,22,Female,Graduate,Russia,6.8,Instagram,Yes,5.9,4,Single,5,9,0,0,0,2,6.8,-0.8999999999999995,False,False,True,False,False,False
618,19,Male,Undergraduate,China,5.6,WeChat,Yes,6.8,6,In Relationship,3,7,0,1,2,1,5.6,1.2000000000000002,False,True,False,True,False,False
619,24,Female,Graduate,Japan,4.2,Twitter,No,7.5,8,Single,2,4,1,0,0,2,0.0,3.3,False,True,False,False,True,False
620,21,Male,Undergraduate,Poland,6.3,TikTok,Yes,6.3,5,Single,4,8,0,1,2,2,6.3,0.0,False,False,True,True,False,False
621,23,Female,Graduate,Finland,4.4,Instagram,No,7.4,7,In Relationship,2,5,1,0,0,1,0.0,3.0,False,True,False,False,True,False
622,20,Male,Undergraduate,Spain,6.5,Facebook,Yes,6.2,5,Single,4,8,0,1,2,2,6.5,-0.2999999999999998,False,False,True,True,False,False
623,22,Female,Graduate,Denmark,4.6,Twitter,No,7.3,7,In Relationship,2,5,1,0,0,1,0.0,2.7,False,True,False,False,True,False
624,19,Male,Undergraduate,Ireland,5.8,Instagram,Yes,6.6,6,Single,3,7,0,1,2,2,5.8,0.7999999999999998,False,True,False,True,False,False
625,24,Female,Graduate,India,7.0,TikTok,Yes,5.8,4,Single,5,9,0,0,0,2,7.0,-1.2000000000000002,False,False,True,False,False,False
626,21,Male,Undergraduate,Switzerland,4.5,Facebook,No,7.3,7,In Relationship,2,5,1,1,2,1,0.0,2.8,False,True,False,False,True,False
627,23,Female,Graduate,Turkey,6.7,Instagram,Yes,6.1,5,Single,4,8,0,0,0,2,6.7,-0.6000000000000005,False,False,True,True,False,False
628,20,Male,Undergraduate,USA,5.5,Twitter,Yes,6.8,6,In Relationship,3,7,0,1,2,1,5.5,1.2999999999999998,False,True,False,True,False,False
629,22,Female,Graduate,Mexico,6.4,Facebook,Yes,6.2,5,Single,4,8,0,0,0,2,6.4,-0.20000000000000018,False,False,True,True,False,False
630,19,Male,Undergraduate,France,4.7,Instagram,No,7.2,7,In Relationship,2,5,1,1,2,1,0.0,2.5,False,True,False,False,True,False
631,24,Female,Graduate,Canada,5.6,TikTok,Yes,6.7,6,Single,3,7,0,0,0,2,5.6,1.1000000000000005,False,True,False,True,False,False
632,21,Male,Undergraduate,UK,6.2,Facebook,Yes,6.3,5,Single,4,8,0,1,2,2,6.2,0.09999999999999964,False,False,True,True,False,False
633,23,Female,Graduate,Italy,4.8,Twitter,No,7.1,7,In Relationship,2,5,1,0,0,1,0.0,2.3,False,True,False,False,True,False
634,20,Male,Undergraduate,Russia,6.9,Instagram,Yes,5.9,4,Single,5,9,0,1,2,2,6.9,-1.0,False,False,True,False,False,False
635,22,Female,Graduate,China,5.7,WeChat,Yes,6.7,6,In Relationship,3,7,0,0,0,1,5.7,1.0,False,True,False,True,False,False
636,19,Male,Undergraduate,Japan,4.4,Twitter,No,7.4,8,Single,2,4,1,1,2,2,0.0,3.0,False,True,False,False,True,False
637,24,Female,Graduate,Poland,6.1,TikTok,Yes,6.4,5,Single,4,8,0,0,0,2,6.1,0.3000000000000007,False,False,True,True,False,False
638,21,Male,Undergraduate,Finland,4.3,Instagram,No,7.5,7,In Relationship,2,5,1,1,2,1,0.0,3.2,False,True,False,False,True,False
639,23,Female,Graduate,Spain,6.4,Facebook,Yes,6.2,5,Single,4,8,0,0,0,2,6.4,-0.20000000000000018,False,False,True,True,False,False
640,20,Male,Undergraduate,Denmark,4.5,Twitter,No,7.3,7,In Relationship,2,5,1,1,2,1,0.0,2.8,False,True,False,False,True,False
641,22,Female,Graduate,Ireland,5.9,Instagram,Yes,6.5,6,Single,3,7,0,0,0,2,5.9,0.5999999999999996,False,True,False,True,False,False
642,19,Male,Undergraduate,India,7.2,TikTok,Yes,5.7,4,Single,5,9,0,1,2,2,7.2,-1.5,False,False,True,False,False,False
643,24,Female,Graduate,Switzerland,4.6,Facebook,No,7.2,7,In Relationship,2,5,1,0,0,1,0.0,2.6000000000000005,False,True,False,False,True,False
644,21,Male,Undergraduate,Turkey,6.8,Instagram,Yes,6.0,5,Single,4,8,0,1,2,2,6.8,-0.7999999999999998,False,False,True,True,False,False
645,23,Female,Graduate,USA,5.3,Twitter,Yes,6.8,6,In Relationship,3,7,0,0,0,1,5.3,1.5,False,True,False,True,False,False
646,22,Male,Graduate,Mexico,6.3,Facebook,Yes,6.2,5,Single,4,8,0,1,0,2,6.3,-0.09999999999999964,False,False,True,True,False,False
647,20,Female,Undergraduate,France,4.8,Instagram,No,7.1,7,In Relationship,2,5,1,0,2,1,0.0,2.3,False,True,False,False,True,False
648,23,Male,Graduate,Canada,5.7,TikTok,Yes,6.6,6,Single,3,7,0,1,0,2,5.7,0.8999999999999995,False,True,False,True,False,False
649,21,Female,Undergraduate,UK,6.2,Twitter,Yes,6.3,5,Single,4,8,0,0,2,2,6.2,0.09999999999999964,False,False,True,True,False,False
650,24,Male,Graduate,Italy,4.7,Facebook,No,7.2,7,In Relationship,2,5,1,1,0,1,0.0,2.5,False,True,False,False,True,False
651,19,Female,Undergraduate,Russia,6.8,Instagram,Yes,5.9,4,Single,5,9,0,0,2,2,6.8,-0.8999999999999995,False,False,True,False,False,False
652,22,Male,Graduate,China,5.6,WeChat,Yes,6.7,6,In Relationship,3,7,0,1,0,1,5.6,1.1000000000000005,False,True,False,True,False,False
653,20,Female,Undergraduate,Japan,4.3,Twitter,No,7.5,8,Single,2,4,1,0,2,2,0.0,3.2,False,True,False,False,True,False
654,23,Male,Graduate,Poland,6.2,TikTok,Yes,6.3,5,Single,4,8,0,1,0,2,6.2,0.09999999999999964,False,False,True,True,False,False
655,21,Female,Undergraduate,Finland,4.4,Instagram,No,7.4,7,In Relationship,2,5,1,0,2,1,0.0,3.0,False,True,False,False,True,False
656,24,Male,Graduate,Spain,6.5,Facebook,Yes,6.1,5,Single,4,8,0,1,0,2,6.5,-0.40000000000000036,False,False,True,True,False,False
657,19,Female,Undergraduate,Denmark,4.6,Twitter,No,7.3,7,In Relationship,2,5,1,0,2,1,0.0,2.7,False,True,False,False,True,False
658,22,Male,Graduate,Ireland,5.8,Instagram,Yes,6.6,6,Single,3,7,0,1,0,2,5.8,0.7999999999999998,False,True,False,True,False,False
659,20,Female,Undergraduate,India,7.1,TikTok,Yes,5.8,4,Single,5,9,0,0,2,2,7.1,-1.2999999999999998,False,False,True,False,False,False
660,23,Male,Graduate,Switzerland,4.5,Facebook,No,7.3,7,In Relationship,2,5,1,1,0,1,0.0,2.8,False,True,False,False,True,False
661,21,Female,Undergraduate,Turkey,6.7,Instagram,Yes,6.0,5,Single,4,8,0,0,2,2,6.7,-0.7000000000000002,False,False,True,True,False,False
662,24,Male,Graduate,USA,5.4,Twitter,Yes,6.8,6,In Relationship,3,7,0,1,0,1,5.4,1.3999999999999995,False,True,False,True,False,False
663,19,Female,Undergraduate,Mexico,6.4,TikTok,Yes,6.2,5,Single,4,8,0,0,2,2,6.4,-0.20000000000000018,False,False,True,True,False,False
664,22,Male,Graduate,France,4.7,Facebook,No,7.2,7,In Relationship,2,5,1,1,0,1,0.0,2.5,False,True,False,False,True,False
665,20,Female,Undergraduate,Canada,5.6,Instagram,Yes,6.7,6,Single,3,7,0,0,2,2,5.6,1.1000000000000005,False,True,False,True,False,False
666,23,Male,Graduate,UK,6.3,Twitter,Yes,6.2,5,Single,4,8,0,1,0,2,6.3,-0.09999999999999964,False,False,True,True,False,False
667,21,Female,Undergraduate,Italy,4.8,TikTok,No,7.1,7,In Relationship,2,5,1,0,2,1,0.0,2.3,False,True,False,False,True,False
668,24,Male,Graduate,Russia,6.9,Instagram,Yes,5.9,4,Single,5,9,0,1,0,2,6.9,-1.0,False,False,True,False,False,False
669,19,Female,Undergraduate,China,5.7,WeChat,Yes,6.7,6,In Relationship,3,7,0,0,2,1,5.7,1.0,False,True,False,True,False,False
670,22,Male,Graduate,Japan,4.4,Twitter,No,7.4,8,Single,2,4,1,1,0,2,0.0,3.0,False,True,False,False,True,False
671,20,Female,Undergraduate,Poland,6.1,Facebook,Yes,6.4,5,Single,4,8,0,0,2,2,6.1,0.3000000000000007,False,False,True,True,False,False
672,23,Male,Graduate,Finland,4.3,Instagram,No,7.5,7,In Relationship,2,5,1,1,0,1,0.0,3.2,False,True,False,False,True,False
673,21,Female,Undergraduate,Spain,6.4,TikTok,Yes,6.2,5,Single,4,8,0,0,2,2,6.4,-0.20000000000000018,False,False,True,True,False,False
674,24,Male,Graduate,Denmark,4.5,Twitter,No,7.3,7,In Relationship,2,5,1,1,0,1,0.0,2.8,False,True,False,False,True,False
675,19,Female,Undergraduate,Ireland,5.9,Instagram,Yes,6.5,6,Single,3,7,0,0,2,2,5.9,0.5999999999999996,False,True,False,True,False,False
676,22,Male,Graduate,India,7.2,Facebook,Yes,5.7,4,Single,5,9,0,1,0,2,7.2,-1.5,False,False,True,False,False,False
677,20,Female,Undergraduate,Switzerland,4.6,TikTok,No,7.2,7,In Relationship,2,5,1,0,2,1,0.0,2.6000000000000005,False,True,False,False,True,False
678,23,Male,Graduate,Turkey,6.8,Instagram,Yes,6.0,5,Single,4,8,0,1,0,2,6.8,-0.7999999999999998,False,False,True,True,False,False
679,21,Female,Undergraduate,USA,5.3,Twitter,Yes,6.8,6,In Relationship,3,7,0,0,2,1,5.3,1.5,False,True,False,True,False,False
680,24,Male,Graduate,Mexico,6.2,Facebook,Yes,6.3,5,Single,4,8,0,1,0,2,6.2,0.09999999999999964,False,False,True,True,False,False
681,19,Female,Undergraduate,France,4.7,Instagram,No,7.2,7,In Relationship,2,5,1,0,2,1,0.0,2.5,False,True,False,False,True,False
682,22,Male,Graduate,Canada,5.8,TikTok,Yes,6.6,6,Single,3,7,0,1,0,2,5.8,0.7999999999999998,False,True,False,True,False,False
683,20,Female,Undergraduate,UK,6.1,Twitter,Yes,6.4,5,Single,4,8,0,0,2,2,6.1,0.3000000000000007,False,False,True,True,False,False
684,23,Male,Graduate,Italy,4.8,Facebook,No,7.1,7,In Relationship,2,5,1,1,0,1,0.0,2.3,False,True,False,False,True,False
685,21,Female,Undergraduate,Russia,6.7,Instagram,Yes,6.0,4,Single,5,9,0,0,2,2,6.7,-0.7000000000000002,False,False,True,False,False,False
686,24,Male,Graduate,China,5.5,WeChat,Yes,6.8,6,In Relationship,3,7,0,1,0,1,5.5,1.2999999999999998,False,True,False,True,False,False
687,19,Female,Undergraduate,Japan,4.2,Twitter,No,7.5,8,Single,2,4,1,0,2,2,0.0,3.3,False,True,False,False,True,False
688,22,Male,Graduate,Poland,6.3,TikTok,Yes,6.2,5,Single,4,8,0,1,0,2,6.3,-0.09999999999999964,False,False,True,True,False,False
689,20,Female,Undergraduate,Finland,4.4,Instagram,No,7.4,7,In Relationship,2,5,1,0,2,1,0.0,3.0,False,True,False,False,True,False
690,23,Male,Graduate,Spain,6.5,Facebook,Yes,6.1,5,Single,4,8,0,1,0,2,6.5,-0.40000000000000036,False,False,True,True,False,False
691,21,Female,Undergraduate,Denmark,4.6,Twitter,No,7.3,7,In Relationship,2,5,1,0,2,1,0.0,2.7,False,True,False,False,True,False
692,24,Male,Graduate,Ireland,5.9,Instagram,Yes,6.5,6,Single,3,7,0,1,0,2,5.9,0.5999999999999996,False,True,False,True,False,False
693,19,Female,Undergraduate,India,7.0,TikTok,Yes,5.8,4,Single,5,9,0,0,2,2,7.0,-1.2000000000000002,False,False,True,False,False,False
694,22,Male,Graduate,Switzerland,4.5,Facebook,No,7.3,7,In Relationship,2,5,1,1,0,1,0.0,2.8,False,True,False,False,True,False
695,20,Female,Undergraduate,Turkey,6.6,Instagram,Yes,6.1,5,Single,4,8,0,0,2,2,6.6,-0.5,False,False,True,True,False,False
696,23,Male,Graduate,USA,5.5,Twitter,Yes,6.7,6,In Relationship,3,7,0,1,0,1,5.5,1.2000000000000002,False,True,False,True,False,False
697,21,Female,Undergraduate,Mexico,6.3,TikTok,Yes,6.2,5,Single,4,8,0,0,2,2,6.3,-0.09999999999999964,False,False,True,True,False,False
698,24,Male,Graduate,France,4.8,Facebook,No,7.1,7,In Relationship,2,5,1,1,0,1,0.0,2.3,False,True,False,False,True,False
699,19,Female,Undergraduate,Canada,5.7,Instagram,Yes,6.6,6,Single,3,7,0,0,2,2,5.7,0.8999999999999995,False,True,False,True,False,False
700,22,Male,Graduate,UK,6.2,Twitter,Yes,6.3,5,Single,4,8,0,1,0,2,6.2,0.09999999999999964,False,False,True,True,False,False
701,20,Female,Undergraduate,Italy,4.7,TikTok,No,7.2,7,In Relationship,2,5,1,0,2,1,0.0,2.5,False,True,False,False,True,False
702,23,Male,Graduate,Russia,6.8,Instagram,Yes,5.9,4,Single,5,9,0,1,0,2,6.8,-0.8999999999999995,False,False,True,False,False,False
703,21,Female,Undergraduate,China,5.6,WeChat,Yes,6.7,6,In Relationship,3,7,0,0,2,1,5.6,1.1000000000000005,False,True,False,True,False,False
704,24,Male,Graduate,Japan,4.3,Twitter,No,7.5,8,Single,2,4,1,1,0,2,0.0,3.2,False,True,False,False,True,False
705,19,Female,Undergraduate,Poland,6.2,Facebook,Yes,6.3,5,Single,4,8,0,0,2,2,6.2,0.09999999999999964,False,False,True,True,False,False
